2,0,1000,1,GDOP, 1246190400.0
Time_ms,Pos_X,Pos_Y,Pos_Z,Vel_X,Vel_Y,Vel_Z,Acc_X,Acc_Y,Acc_Z,Jerk_X,Jerk_Y,Jerk_Z,Lat,Long,Height,Heading,Elevation,Bank,Ang-vel_X,Ang-vel_Y,Ang-vel_Z,Ang-acc_X,Ang-acc_Y,Ang-acc_Z,Ant1_Pos_X,Ant1_Pos_Y,Ant1_Pos_Z,Ant1_Vel_X,Ant1_Vel_Y,Ant1_Vel_Z,Ant1_Acc_X,Ant1_Acc_Y,Ant1_Acc_Z,Ant1_Lat,Ant1_Long,Ant1_Height,Ant1_DOP
0,4162685.5480,664338.0690,4770530.1970,0.0000,0.0000,0.0000,0.000,0.000,0.000,-0.004,0.025,0.000,0.85043316758,0.15825900389,-0.0002,1.571000000,0.000000000,0.000000000,0.00000000000,0.00000000000,0.00000000000,0.00000000000,0.00000000000,0.00000000000,4162685.5480,664338.0690,4770530.1970,0.0000,0.0000,0.0000,0.000,0.000,0.000,0.85043316758,0.15825900389,-0.0002,2.359
1000,4162685.5480,664338.0700,4770530.1970,0.0000,0.0000,0.0000,-0.001,-0.001,0.001,-0.015,0.001,0.013,0.85043316756,0.15825900413,-0.0001,1.571000000,0.000000000,0.000000000,0.00000000000,0.00000000000,0.00000000000,0.00000000000,0.00000000000,0.00000000000,4162685.5480,664338.0700,4770530.1970,0.0000,0.0000,0.0000,-0.001,-0.001,0.001,0.85043316756,0.15825900413,-0.0001,2.359
2000,4162685.5180,664338.2580,4770530.1970,-0.1300,0.8150,0.0000,-0.346,2.169,0.000,-0.217,1.357,0.000,0.85043316756,0.15825904929,-0.0001,1.571000000,0.000000000,0.000000000,0.00000000000,0.00000000000,0.00000000000,0.00000000000,0.00000000000,0.00000000000,4162685.5180,664338.2580,4770530.1970,-0.1300,0.8150,0.0000,-0.346,2.169,0.000,0.85043316756,0.15825904929,-0.0001,2.359
3000,4162685.2220,664340.1130,4770530.1970,-0.4450,2.7880,0.0000,-0.263,1.649,0.000,0.061,-0.381,0.000,0.85043316755,0.15825949491,-0.0001,1.571000000,0.000000000,0.000000000,0.00000000000,0.00000000000,0.00000000000,0.00000000000,0.00000000000,0.00000000000,4162685.2220,664340.1130,4770530.1970,-0.4450,2.7880,0.0000,-0.263,1.649,0.000,0.85043316755,0.15825949491,-0.0001,2.359
4000,4162684.6580,664343.6450,4770530.1970,-0.6650,4.1680,0.0000,-0.167,1.048,0.000,0.117,-0.732,0.000,0.85043316759,0.15826034342,-0.0003,1.571000000,0.000000000,0.000000000,0.00000000000,0.00000000000,0.00000000000,0.00000000000,0.00000000000,0.00000000000,4162684.6580,664343.6450,4770530.1970,-0.6650,4.1680,0.0000,-0.167,1.048,0.000,0.85043316759,0.15826034342,-0.0003,2.359
5000,4162683.9270,664348.2250,4770530.1970,-0.7810,4.8950,0.0000,-0.075,0.471,0.000,0.064,-0.403,0.000,0.85043316759,0.15826144367,-0.0003,1.571000000,0.000000000,0.000000000,0.00000000000,0.00000000000,0.00000000000,0.00000000000,0.00000000000,0.00000000000,4162683.9270,664348.2250,4770530.1970,-0.7810,4.8950,0.0000,-0.075,0.471,0.000,0.85043316759,0.15826144367,-0.0003,2.359
6000,4162683.1170,664353.3030,4770530.1970,-0.8330,5.2190,0.0000,-0.034,0.214,0.000,0.028,-0.172,0.000,0.85043316754,0.15826266354,0.0000,1.571000000,0.000000000,0.000000000,0.00000000000,0.00000000000,0.00000000000,0.00000000000,0.00000000000,0.00000000000,4162683.1170,664353.3030,4770530.1970,-0.8330,5.2190,0.0000,-0.034,0.214,0.000,0.85043316754,0.15826266354,0.0000,2.360
7000,4162682.2700,664358.6060,4770530.1970,-0.8570,5.3670,0.0000,-0.016,0.097,0.000,0.013,-0.079,0.000,0.85043316762,0.15826393750,-0.0004,1.571000000,0.000000000,0.000000000,0.00000000000,0.00000000000,0.00000000000,0.00000000000,0.00000000000,0.00000000000,4162682.2700,664358.6060,4770530.1970,-0.8570,5.3670,0.0000,-0.016,0.097,0.000,0.85043316762,0.15826393750,-0.0004,2.360
8000,4162681.4080,664364.0110,4770530.1970,-0.8670,5.4340,0.0000,-0.007,0.043,0.000,0.006,-0.037,0.000,0.85043316755,0.15826523592,0.0000,1.571000000,0.000000000,0.000000000,0.00000000000,0.00000000000,0.00000000000,0.00000000000,0.00000000000,0.00000000000,4162681.4080,664364.0110,4770530.1970,-0.8670,5.4340,0.0000,-0.007,0.043,0.000,0.85043316755,0.15826523592,0.0000,2.360
9000,4162680.5380,664369.4610,4770530.1970,-0.8720,5.4640,0.0000,-0.003,0.019,0.000,0.003,-0.016,0.000,0.85043316757,0.15826654518,-0.0001,1.571000000,0.000000000,0.000000000,0.00000000000,0.00000000000,0.00000000000,0.00000000000,0.00000000000,0.00000000000,4162680.5380,664369.4610,4770530.1970,-0.8720,5.4640,0.0000,-0.003,0.019,0.000,0.85043316757,0.15826654518,-0.0001,2.360
10000,4162679.6650,664374.9320,4770530.1970,-0.8740,5.4760,0.0000,-0.001,0.008,0.000,0.001,-0.007,0.000,0.85043316755,0.15826785947,0.0000,1.571000000,0.000000000,0.000000000,0.00000000000,0.00000000000,0.00000000000,0.00000000000,0.00000000000,0.00000000000,4162679.6650,664374.9320,4770530.1970,-0.8740,5.4760,0.0000,-0.001,0.008,0.000,0.85043316755,0.15826785947,0.0000,2.360
11000,4162678.7900,664380.4120,4770530.1970,-0.8750,5.4820,0.0000,-0.001,0.004,0.000,0.000,-0.003,0.000,0.85043316759,0.15826917594,-0.0003,1.571000000,0.000000000,0.000000000,0.00000000000,0.00000000000,0.00000000000,0.00000000000,0.00000000000,0.00000000000,4162678.7900,664380.4120,4770530.1970,-0.8750,5.4820,0.0000,-0.001,0.004,0.000,0.85043316759,0.15826917594,-0.0003,2.360
12000,4162677.9150,664385.8950,4770530.1970,-0.8750,5.4840,0.0000,0.000,0.002,0.000,0.000,-0.001,0.000,0.85043316758,0.15827049312,-0.0002,1.571000000,0.000000000,0.000000000,0.00000000000,0.00000000000,0.00000000000,0.00000000000,0.00000000000,0.00000000000,4162677.9150,664385.8950,4770530.1970,-0.8750,5.4840,0.0000,0.000,0.002,0.000,0.85043316758,0.15827049312,-0.0002,2.360
13000,4162677.0400,664391.3800,4770530.1970,-0.8750,5.4850,0.0000,0.000,0.001,0.000,0.000,-0.001,0.000,0.85043316752,0.15827181076,0.0001,1.571000000,0.000000000,0.000000000,0.00000000000,0.00000000000,0.00000000000,0.00000000000,0.00000000000,0.00000000000,4162677.0400,664391.3800,4770530.1970,-0.8750,5.4850,0.0000,0.000,0.001,0.000,0.85043316752,0.15827181076,0.0001,2.360
14000,4162676.1640,664396.8660,4770530.1970,-0.8760,5.4860,0.0000,0.000,0.000,0.000,0.000,0.000,0.000,0.85043316757,0.15827312868,-0.0002,1.571000000,0.000000000,0.000000000,0.00000000000,0.00000000000,0.00000000000,0.00000000000,0.00000000000,0.00000000000,4162676.1640,664396.8660,4770530.1970,-0.8760,5.4860,0.0000,0.000,0.000,0.000,0.85043316757,0.15827312868,-0.0002,2.360
15000,4162675.2890,664402.3520,4770530.1970,-0.8760,5.4860,0.0000,0.000,0.000,0.000,0.000,0.000,0.000,0.85043316750,0.15827444656,0.0002,1.571000000,0.000000000,0.000000000,0.00000000000,0.00000000000,0.00000000000,0.00000000000,0.00000000000,0.00000000000,4162675.2890,664402.3520,4770530.1970,-0.8760,5.4860,0.0000,0.000,0.000,0.000,0.85043316750,0.15827444656,0.0002,2.360
16000,4162674.4130,664407.8380,4770530.1970,-0.8760,5.4860,0.0000,0.000,0.000,0.000,0.000,0.000,0.000,0.85043316754,0.15827576448,0.0000,1.571000000,0.000000000,0.000000000,0.00000000000,0.00000000000,0.00000000000,0.00000000000,0.00000000000,0.00000000000,4162674.4130,664407.8380,4770530.1970,-0.8760,5.4860,0.0000,0.000,0.000,0.000,0.85043316754,0.15827576448,0.0000,2.360
17000,4162673.5380,664413.3240,4770530.1970,-0.8760,5.4860,0.0000,0.000,0.000,0.000,0.000,0.000,0.000,0.85043316747,0.15827708236,0.0004,1.571000000,0.000000000,0.000000000,0.00000000000,0.00000000000,0.00000000000,0.00000000000,0.00000000000,0.00000000000,4162673.5380,664413.3240,4770530.1970,-0.8760,5.4860,0.0000,0.000,0.000,0.000,0.85043316747,0.15827708236,0.0004,2.360
18000,4162672.6620,664418.8100,4770530.1970,-0.8760,5.4860,0.0000,0.000,0.000,0.000,0.000,0.000,0.000,0.85043316751,0.15827840027,0.0002,1.571000000,0.000000000,0.000000000,0.00000000000,0.00000000000,0.00000000000,0.00000000000,0.00000000000,0.00000000000,4162672.6620,664418.8100,4770530.1970,-0.8760,5.4860,0.0000,0.000,0.000,0.000,0.85043316751,0.15827840027,0.0002,2.361
19000,4162671.7870,664424.2960,4770530.1970,-0.8760,5.4860,0.0000,0.000,0.000,0.000,0.000,0.000,0.000,0.85043316744,0.15827971815,0.0006,1.571000000,0.000000000,0.000000000,0.00000000000,0.00000000000,0.00000000000,0.00000000000,0.00000000000,0.00000000000,4162671.7870,664424.2960,4770530.1970,-0.8760,5.4860,0.0000,0.000,0.000,0.000,0.85043316744,0.15827971815,0.0006,2.361
20000,4162670.9110,664429.7820,4770530.1970,-0.8760,5.4860,0.0000,0.000,0.000,0.000,0.000,0.000,0.000,0.85043316748,0.15828103607,0.0003,1.571000000,0.000000000,0.000000000,0.00000000000,0.00000000000,0.00000000000,0.00000000000,0.00000000000,0.00000000000,4162670.9110,664429.7820,4770530.1970,-0.8760,5.4860,0.0000,0.000,0.000,0.000,0.85043316748,0.15828103607,0.0003,2.361
21000,4162670.0350,664435.2690,4770530.1970,-0.8760,5.4860,0.0000,0.000,0.000,0.000,0.000,0.000,0.000,0.85043316750,0.15828235422,0.0002,1.571000000,0.000000000,0.000000000,0.00000000000,0.00000000000,0.00000000000,0.00000000000,0.00000000000,0.00000000000,4162670.0350,664435.2690,4770530.1970,-0.8760,5.4860,0.0000,0.000,0.000,0.000,0.85043316750,0.15828235422,0.0002,2.361
22000,4162669.1600,664440.7550,4770530.1970,-0.8760,5.4860,0.0000,0.000,0.000,0.000,0.000,0.000,0.000,0.85043316742,0.15828367210,0.0007,1.571000000,0.000000000,0.000000000,0.00000000000,0.00000000000,0.00000000000,0.00000000000,0.00000000000,0.00000000000,4162669.1600,664440.7550,4770530.1970,-0.8760,5.4860,0.0000,0.000,0.000,0.000,0.85043316742,0.15828367210,0.0007,2.361
23000,4162668.2840,664446.2410,4770530.1970,-0.8760,5.4860,0.0000,0.000,0.000,0.000,0.000,0.000,0.000,0.85043316746,0.15828499002,0.0004,1.571000000,0.000000000,0.000000000,0.00000000000,0.00000000000,0.00000000000,0.00000000000,0.00000000000,0.00000000000,4162668.2840,664446.2410,4770530.1970,-0.8760,5.4860,0.0000,0.000,0.000,0.000,0.85043316746,0.15828499002,0.0004,2.361
24000,4162667.4090,664451.7270,4770530.1970,-0.8760,5.4860,0.0000,0.000,0.000,0.000,0.000,0.000,0.000,0.85043316738,0.15828630790,0.0009,1.571000000,0.000000000,0.000000000,0.00000000000,0.00000000000,0.00000000000,0.00000000000,0.00000000000,0.00000000000,4162667.4090,664451.7270,4770530.1970,-0.8760,5.4860,0.0000,0.000,0.000,0.000,0.85043316738,0.15828630790,0.0009,2.362
25000,4162666.5330,664457.2130,4770530.1970,-0.8760,5.4860,0.0000,0.000,0.000,0.000,0.000,0.000,0.000,0.85043316742,0.15828762581,0.0007,1.571000000,0.000000000,0.000000000,0.00000000000,0.00000000000,0.00000000000,0.00000000000,0.00000000000,0.00000000000,4162666.5330,664457.2130,4770530.1970,-0.8760,5.4860,0.0000,0.000,0.000,0.000,0.85043316742,0.15828762581,0.0007,2.362
26000,4162665.6580,664462.6990,4770530.1970,-0.8760,5.4860,0.0000,0.000,0.000,0.000,0.000,0.000,0.000,0.85043316734,0.15828894369,0.0011,1.571000000,0.000000000,0.000000000,0.00000000000,0.00000000000,0.00000000000,0.00000000000,0.00000000000,0.00000000000,4162665.6580,664462.6990,4770530.1970,-0.8760,5.4860,0.0000,0.000,0.000,0.000,0.85043316734,0.15828894369,0.0011,2.362
27000,4162664.7820,664468.1850,4770530.1970,-0.8760,5.4860,0.0000,0.000,0.000,0.000,0.000,0.000,0.000,0.85043316737,0.15829026161,0.0009,1.571000000,0.000000000,0.000000000,0.00000000000,0.00000000000,0.00000000000,0.00000000000,0.00000000000,0.00000000000,4162664.7820,664468.1850,4770530.1970,-0.8760,5.4860,0.0000,0.000,0.000,0.000,0.85043316737,0.15829026161,0.0009,2.362
28000,4162663.9070,664473.6710,4770530.1970,-0.8760,5.4860,0.0000,0.000,0.000,0.000,0.000,0.000,0.000,0.85043316729,0.15829157949,0.0014,1.571000000,0.000000000,0.000000000,0.00000000000,0.00000000000,0.00000000000,0.00000000000,0.00000000000,0.00000000000,4162663.9070,664473.6710,4770530.1970,-0.8760,5.4860,0.0000,0.000,0.000,0.000,0.85043316729,0.15829157949,0.0014,2.362
29000,4162663.0310,664479.1580,4770530.1970,-0.8760,5.4860,0.0000,0.000,0.000,0.000,0.000,0.000,0.000,0.85043316730,0.15829289764,0.0013,1.571000000,0.000000000,0.000000000,0.00000000000,0.00000000000,0.00000000000,0.00000000000,0.00000000000,0.00000000000,4162663.0310,664479.1580,4770530.1970,-0.8760,5.4860,0.0000,0.000,0.000,0.000,0.85043316730,0.15829289764,0.0013,2.362
30000,4162662.1550,664484.6440,4770530.1970,-0.8760,5.4860,0.0000,0.000,0.000,0.000,0.000,0.000,0.000,0.85043316733,0.15829421556,0.0012,1.571000000,0.000000000,0.000000000,0.00000000000,0.00000000000,0.00000000000,0.00000000000,0.00000000000,0.00000000000,4162662.1550,664484.6440,4770530.1970,-0.8760,5.4860,0.0000,0.000,0.000,0.000,0.85043316733,0.15829421556,0.0012,2.362
31000,4162661.2800,664490.1300,4770530.1970,-0.8760,5.4860,0.0000,0.000,0.000,0.000,0.000,0.000,0.000,0.85043316725,0.15829553344,0.0016,1.571000000,0.000000000,0.000000000,0.00000000000,0.00000000000,0.00000000000,0.00000000000,0.00000000000,0.00000000000,4162661.2800,664490.1300,4770530.1970,-0.8760,5.4860,0.0000,0.000,0.000,0.000,0.85043316725,0.15829553344,0.0016,2.362
32000,4162660.4040,664495.6160,4770530.1970,-0.8760,5.4860,0.0000,0.000,0.000,0.000,0.000,0.000,0.000,0.85043316728,0.15829685135,0.0015,1.571000000,0.000000000,0.000000000,0.00000000000,0.00000000000,0.00000000000,0.00000000000,0.00000000000,0.00000000000,4162660.4040,664495.6160,4770530.1970,-0.8760,5.4860,0.0000,0.000,0.000,0.000,0.85043316728,0.15829685135,0.0015,2.362
33000,4162659.5290,664501.1020,4770530.1970,-0.8760,5.4860,0.0000,0.000,0.000,0.000,0.000,0.000,0.000,0.85043316719,0.15829816923,0.0019,1.571000000,0.000000000,0.000000000,0.00000000000,0.00000000000,0.00000000000,0.00000000000,0.00000000000,0.00000000000,4162659.5290,664501.1020,4770530.1970,-0.8760,5.4860,0.0000,0.000,0.000,0.000,0.85043316719,0.15829816923,0.0019,2.362
34000,4162658.6530,664506.5880,4770530.1970,-0.8760,5.4860,0.0000,0.000,0.000,0.000,0.000,0.000,0.000,0.85043316722,0.15829948715,0.0018,1.571000000,0.000000000,0.000000000,0.00000000000,0.00000000000,0.00000000000,0.00000000000,0.00000000000,0.00000000000,4162658.6530,664506.5880,4770530.1970,-0.8760,5.4860,0.0000,0.000,0.000,0.000,0.85043316722,0.15829948715,0.0018,2.362
35000,4162657.7780,664512.0740,4770530.1970,-0.8760,5.4860,0.0000,0.000,0.000,0.000,0.000,0.000,0.000,0.85043316713,0.15830080503,0.0023,1.571000000,0.000000000,0.000000000,0.00000000000,0.00000000000,0.00000000000,0.00000000000,0.00000000000,0.00000000000,4162657.7780,664512.0740,4770530.1970,-0.8760,5.4860,0.0000,0.000,0.000,0.000,0.85043316713,0.15830080503,0.0023,2.362
36000,4162656.9020,664517.5610,4770530.1970,-0.8760,5.4860,0.0000,0.000,0.000,0.000,0.000,0.000,0.000,0.85043316714,0.15830212318,0.0022,1.571000000,0.000000000,0.000000000,0.00000000000,0.00000000000,0.00000000000,0.00000000000,0.00000000000,0.00000000000,4162656.9020,664517.5610,4770530.1970,-0.8760,5.4860,0.0000,0.000,0.000,0.000,0.85043316714,0.15830212318,0.0022,2.363
37000,4162656.0270,664523.0470,4770530.1970,-0.8760,5.4860,0.0000,0.000,0.000,0.000,0.000,0.000,0.000,0.85043316705,0.15830344106,0.0027,1.571000000,0.000000000,0.000000000,0.00000000000,0.00000000000,0.00000000000,0.00000000000,0.00000000000,0.00000000000,4162656.0270,664523.0470,4770530.1970,-0.8760,5.4860,0.0000,0.000,0.000,0.000,0.85043316705,0.15830344106,0.0027,2.363
38000,4162655.1510,664528.5330,4770530.1970,-0.8760,5.4860,0.0000,0.000,0.000,0.000,0.000,0.000,0.000,0.85043316707,0.15830475898,0.0026,1.571000000,0.000000000,0.000000000,0.00000000000,0.00000000000,0.00000000000,0.00000000000,0.00000000000,0.00000000000,4162655.1510,664528.5330,4770530.1970,-0.8760,5.4860,0.0000,0.000,0.000,0.000,0.85043316707,0.15830475898,0.0026,2.363
39000,4162654.2760,664534.0190,4770530.1970,-0.8760,5.4860,0.0000,0.000,0.000,0.000,0.000,0.000,0.000,0.85043316698,0.15830607685,0.0031,1.571000000,0.000000000,0.000000000,0.00000000000,0.00000000000,0.00000000000,0.00000000000,0.00000000000,0.00000000000,4162654.2760,664534.0190,4770530.1970,-0.8760,5.4860,0.0000,0.000,0.000,0.000,0.85043316698,0.15830607685,0.0031,2.363
40000,4162653.4000,664539.5050,4770530.1970,-0.8760,5.4860,0.0000,0.000,0.000,0.000,0.000,0.000,0.000,0.85043316701,0.15830739477,0.0030,1.571000000,0.000000000,0.000000000,0.00000000000,0.00000000000,0.00000000000,0.00000000000,0.00000000000,0.00000000000,4162653.4000,664539.5050,4770530.1970,-0.8760,5.4860,0.0000,0.000,0.000,0.000,0.85043316701,0.15830739477,0.0030,2.363
41000,4162652.5240,664544.9910,4770530.1970,-0.8760,5.4860,0.0000,0.000,0.000,0.000,0.000,0.000,0.000,0.85043316703,0.15830871269,0.0029,1.571000000,0.000000000,0.000000000,0.00000000000,0.00000000000,0.00000000000,0.00000000000,0.00000000000,0.00000000000,4162652.5240,664544.9910,4770530.1970,-0.8760,5.4860,0.0000,0.000,0.000,0.000,0.85043316703,0.15830871269,0.0029,2.363
42000,4162651.6490,664550.4770,4770530.1970,-0.8760,5.4860,0.0000,0.000,0.000,0.000,0.000,0.000,0.000,0.85043316693,0.15831003057,0.0034,1.571000000,0.000000000,0.000000000,0.00000000000,0.00000000000,0.00000000000,0.00000000000,0.00000000000,0.00000000000,4162651.6490,664550.4770,4770530.1970,-0.8760,5.4860,0.0000,0.000,0.000,0.000,0.85043316693,0.15831003057,0.0034,2.363
43000,4162650.7730,664555.9630,4770530.1970,-0.8760,5.4860,0.0000,0.000,0.000,0.000,0.000,0.000,0.000,0.85043316695,0.15831134848,0.0033,1.571000000,0.000000000,0.000000000,0.00000000000,0.00000000000,0.00000000000,0.00000000000,0.00000000000,0.00000000000,4162650.7730,664555.9630,4770530.1970,-0.8760,5.4860,0.0000,0.000,0.000,0.000,0.85043316695,0.15831134848,0.0033,2.363
44000,4162649.8980,664561.4500,4770530.1970,-0.8760,5.4860,0.0000,0.000,0.000,0.000,0.000,0.000,0.000,0.85043316684,0.15831266660,0.0039,1.571000000,0.000000000,0.000000000,0.00000000000,0.00000000000,0.00000000000,0.00000000000,0.00000000000,0.00000000000,4162649.8980,664561.4500,4770530.1970,-0.8760,5.4860,0.0000,0.000,0.000,0.000,0.85043316684,0.15831266660,0.0039,2.363
45000,4162649.0220,664566.9360,4770530.1970,-0.8760,5.4860,0.0000,0.000,0.000,0.000,0.000,0.000,0.000,0.85043316686,0.15831398451,0.0038,1.571000000,0.000000000,0.000000000,0.00000000000,0.00000000000,0.00000000000,0.00000000000,0.00000000000,0.00000000000,4162649.0220,664566.9360,4770530.1970,-0.8760,5.4860,0.0000,0.000,0.000,0.000,0.85043316686,0.15831398451,0.0038,2.363
46000,4162648.1470,664572.4220,4770530.1970,-0.8760,5.4860,0.0000,0.000,0.000,0.000,0.000,0.000,0.000,0.85043316676,0.15831530239,0.0044,1.571000000,0.000000000,0.000000000,0.00000000000,0.00000000000,0.00000000000,0.00000000000,0.00000000000,0.00000000000,4162648.1470,664572.4220,4770530.1970,-0.8760,5.4860,0.0000,0.000,0.000,0.000,0.85043316676,0.15831530239,0.0044,2.363
47000,4162647.2710,664577.9080,4770530.1970,-0.8760,5.4860,0.0000,0.000,0.000,0.000,0.000,0.000,0.000,0.85043316678,0.15831662031,0.0043,1.571000000,0.000000000,0.000000000,0.00000000000,0.00000000000,0.00000000000,0.00000000000,0.00000000000,0.00000000000,4162647.2710,664577.9080,4770530.1970,-0.8760,5.4860,0.0000,0.000,0.000,0.000,0.85043316678,0.15831662031,0.0043,2.363
48000,4162646.3960,664583.3940,4770530.1970,-0.8760,5.4860,0.0000,0.000,0.000,0.000,0.000,0.000,0.000,0.85043316668,0.15831793819,0.0048,1.571000000,0.000000000,0.000000000,0.00000000000,0.00000000000,0.00000000000,0.00000000000,0.00000000000,0.00000000000,4162646.3960,664583.3940,4770530.1970,-0.8760,5.4860,0.0000,0.000,0.000,0.000,0.85043316668,0.15831793819,0.0048,2.364
49000,4162645.5200,664588.8800,4770530.1970,-0.8760,5.4860,0.0000,0.000,0.000,0.000,0.000,0.000,0.000,0.85043316669,0.15831925611,0.0047,1.571000000,0.000000000,0.000000000,0.00000000000,0.00000000000,0.00000000000,0.00000000000,0.00000000000,0.00000000000,4162645.5200,664588.8800,4770530.1970,-0.8760,5.4860,0.0000,0.000,0.000,0.000,0.85043316669,0.15831925611,0.0047,2.364
50000,4162644.6440,664594.3660,4770530.1970,-0.8760,5.4860,0.0000,0.000,0.000,0.000,0.000,0.000,0.000,0.85043316671,0.15832057402,0.0047,1.571000000,0.000000000,0.000000000,0.00000000000,0.00000000000,0.00000000000,0.00000000000,0.00000000000,0.00000000000,4162644.6440,664594.3660,4770530.1970,-0.8760,5.4860,0.0000,0.000,0.000,0.000,0.85043316671,0.15832057402,0.0047,2.364
51000,4162643.7690,664599.8520,4770530.1970,-0.8760,5.4860,0.0000,0.000,0.000,0.000,0.000,0.000,0.000,0.85043316661,0.15832189190,0.0052,1.571000000,0.000000000,0.000000000,0.00000000000,0.00000000000,0.00000000000,0.00000000000,0.00000000000,0.00000000000,4162643.7690,664599.8520,4770530.1970,-0.8760,5.4860,0.0000,0.000,0.000,0.000,0.85043316661,0.15832189190,0.0052,2.364
52000,4162642.8930,664605.3390,4770530.1970,-0.8760,5.4860,0.0000,0.000,0.000,0.000,0.000,0.000,0.000,0.85043316660,0.15832321005,0.0053,1.571000000,0.000000000,0.000000000,0.00000000000,0.00000000000,0.00000000000,0.00000000000,0.00000000000,0.00000000000,4162642.8930,664605.3390,4770530.1970,-0.8760,5.4860,0.0000,0.000,0.000,0.000,0.85043316660,0.15832321005,0.0053,2.364
53000,4162642.0180,664610.8250,4770530.1970,-0.8760,5.4860,0.0000,0.000,0.000,0.000,0.000,0.000,0.000,0.85043316650,0.15832452793,0.0058,1.571000000,0.000000000,0.000000000,0.00000000000,0.00000000000,0.00000000000,0.00000000000,0.00000000000,0.00000000000,4162642.0180,664610.8250,4770530.1970,-0.8760,5.4860,0.0000,0.000,0.000,0.000,0.85043316650,0.15832452793,0.0058,2.364
54000,4162641.1420,664616.3110,4770530.1970,-0.8760,5.4860,0.0000,0.000,0.000,0.000,0.000,0.000,0.000,0.85043316651,0.15832584585,0.0058,1.571000000,0.000000000,0.000000000,0.00000000000,0.00000000000,0.00000000000,0.00000000000,0.00000000000,0.00000000000,4162641.1420,664616.3110,4770530.1970,-0.8760,5.4860,0.0000,0.000,0.000,0.000,0.85043316651,0.15832584585,0.0058,2.365
55000,4162640.2670,664621.7970,4770530.1970,-0.8760,5.4860,0.0000,0.000,0.000,0.000,0.000,0.000,0.000,0.85043316640,0.15832716373,0.0064,1.571000000,0.000000000,0.000000000,0.00000000000,0.00000000000,0.00000000000,0.00000000000,0.00000000000,0.00000000000,4162640.2670,664621.7970,4770530.1970,-0.8760,5.4860,0.0000,0.000,0.000,0.000,0.85043316640,0.15832716373,0.0064,2.365
56000,4162639.3910,664627.2830,4770530.1970,-0.8760,5.4860,0.0000,0.000,0.000,0.000,0.000,0.000,0.000,0.85043316641,0.15832848165,0.0063,1.571000000,0.000000000,0.000000000,0.00000000000,0.00000000000,0.00000000000,0.00000000000,0.00000000000,0.00000000000,4162639.3910,664627.2830,4770530.1970,-0.8760,5.4860,0.0000,0.000,0.000,0.000,0.85043316641,0.15832848165,0.0063,2.365
57000,4162638.5160,664632.7690,4770530.1970,-0.8760,5.4860,0.0000,0.000,0.000,0.000,0.000,0.000,0.000,0.85043316630,0.15832979953,0.0069,1.571000000,0.000000000,0.000000000,0.00000000000,0.00000000000,0.00000000000,0.00000000000,0.00000000000,0.00000000000,4162638.5160,664632.7690,4770530.1970,-0.8760,5.4860,0.0000,0.000,0.000,0.000,0.85043316630,0.15832979953,0.0069,2.365
58000,4162637.6400,664638.2550,4770530.1970,-0.8760,5.4860,0.0000,0.000,0.000,0.000,0.000,0.000,0.000,0.85043316631,0.15833111744,0.0069,1.571000000,0.000000000,0.000000000,0.00000000000,0.00000000000,0.00000000000,0.00000000000,0.00000000000,0.00000000000,4162637.6400,664638.2550,4770530.1970,-0.8760,5.4860,0.0000,0.000,0.000,0.000,0.85043316631,0.15833111744,0.0069,2.365
59000,4162636.7640,664643.7410,4770530.1970,-0.8760,5.4860,0.0000,0.000,0.000,0.000,0.000,0.000,0.000,0.85043316632,0.15833243536,0.0068,1.571000000,0.000000000,0.000000000,0.00000000000,0.00000000000,0.00000000000,0.00000000000,0.00000000000,0.00000000000,4162636.7640,664643.7410,4770530.1970,-0.8760,5.4860,0.0000,0.000,0.000,0.000,0.85043316632,0.15833243536,0.0068,2.365
60000,4162635.8890,664649.2280,4770530.1970,-0.8760,5.4860,0.0000,0.000,0.000,0.000,0.000,0.000,0.000,0.85043316619,0.15833375347,0.0076,1.571000000,0.000000000,0.000000000,0.00000000000,0.00000000000,0.00000000000,0.00000000000,0.00000000000,0.00000000000,4162635.8890,664649.2280,4770530.1970,-0.8760,5.4860,0.0000,0.000,0.000,0.000,0.85043316619,0.15833375347,0.0076,2.365
61000,4162635.0130,664654.7140,4770530.1970,-0.8760,5.4860,0.0000,0.000,0.000,0.000,0.000,0.000,0.000,0.85043316619,0.15833507139,0.0075,1.571000000,0.000000000,0.000000000,0.00000000000,0.00000000000,0.00000000000,0.00000000000,0.00000000000,0.00000000000,4162635.0130,664654.7140,4770530.1970,-0.8760,5.4860,0.0000,0.000,0.000,0.000,0.85043316619,0.15833507139,0.0075,2.365
62000,4162634.1380,664660.2000,4770530.1970,-0.8760,5.4860,0.0000,0.000,0.000,0.000,0.000,0.000,0.000,0.85043316608,0.15833638927,0.0082,1.571000000,0.000000000,0.000000000,0.00000000000,0.00000000000,0.00000000000,0.00000000000,0.00000000000,0.00000000000,4162634.1380,664660.2000,4770530.1970,-0.8760,5.4860,0.0000,0.000,0.000,0.000,0.85043316608,0.15833638927,0.0082,2.365
63000,4162633.2620,664665.6860,4770530.1970,-0.8760,5.4860,0.0000,0.000,0.000,0.000,0.000,0.000,0.000,0.85043316608,0.15833770719,0.0081,1.571000000,0.000000000,0.000000000,0.00000000000,0.00000000000,0.00000000000,0.00000000000,0.00000000000,0.00000000000,4162633.2620,664665.6860,4770530.1970,-0.8760,5.4860,0.0000,0.000,0.000,0.000,0.85043316608,0.15833770719,0.0081,2.365
64000,4162632.3870,664671.1720,4770530.1970,-0.8760,5.4860,0.0000,0.000,0.000,0.000,0.000,0.000,0.000,0.85043316597,0.15833902507,0.0088,1.571000000,0.000000000,0.000000000,0.00000000000,0.00000000000,0.00000000000,0.00000000000,0.00000000000,0.00000000000,4162632.3870,664671.1720,4770530.1970,-0.8760,5.4860,0.0000,0.000,0.000,0.000,0.85043316597,0.15833902507,0.0088,2.365
65000,4162631.5110,664676.6580,4770530.1970,-0.8760,5.4860,0.0000,0.000,0.000,0.000,0.000,0.000,0.000,0.85043316597,0.15834034298,0.0088,1.571000000,0.000000000,0.000000000,0.00000000000,0.00000000000,0.00000000000,0.00000000000,0.00000000000,0.00000000000,4162631.5110,664676.6580,4770530.1970,-0.8760,5.4860,0.0000,0.000,0.000,0.000,0.85043316597,0.15834034298,0.0088,2.365
66000,4162630.6360,664682.1440,4770530.1970,-0.8760,5.4860,0.0000,0.000,0.000,0.000,0.000,0.000,0.000,0.85043316586,0.15834166086,0.0094,1.571000000,0.000000000,0.000000000,0.00000000000,0.00000000000,0.00000000000,0.00000000000,0.00000000000,0.00000000000,4162630.6360,664682.1440,4770530.1970,-0.8760,5.4860,0.0000,0.000,0.000,0.000,0.85043316586,0.15834166086,0.0094,2.366
67000,4162629.7600,664687.6310,4770530.1970,-0.8760,5.4860,0.0000,0.000,0.000,0.000,0.000,0.000,0.000,0.85043316584,0.15834297901,0.0095,1.571000000,0.000000000,0.000000000,0.00000000000,0.00000000000,0.00000000000,0.00000000000,0.00000000000,0.00000000000,4162629.7600,664687.6310,4770530.1970,-0.8760,5.4860,0.0000,0.000,0.000,0.000,0.85043316584,0.15834297901,0.0095,2.366
68000,4162628.8850,664693.1170,4770530.1970,-0.8760,5.4860,0.0000,0.000,0.000,0.000,0.000,0.000,0.000,0.85043316572,0.15834429689,0.0102,1.571000000,0.000000000,0.000000000,0.00000000000,0.00000000000,0.00000000000,0.00000000000,0.00000000000,0.00000000000,4162628.8850,664693.1170,4770530.1970,-0.8760,5.4860,0.0000,0.000,0.000,0.000,0.85043316572,0.15834429689,0.0102,2.366
69000,4162628.0090,664698.6030,4770530.1970,-0.8760,5.4860,0.0000,0.000,0.000,0.000,0.000,0.000,0.000,0.85043316572,0.15834561481,0.0102,1.571000000,0.000000000,0.000000000,0.00000000000,0.00000000000,0.00000000000,0.00000000000,0.00000000000,0.00000000000,4162628.0090,664698.6030,4770530.1970,-0.8760,5.4860,0.0000,0.000,0.000,0.000,0.85043316572,0.15834561481,0.0102,2.366
70000,4162627.1330,664704.0890,4770530.1970,-0.8760,5.4860,0.0000,0.000,0.000,0.000,0.000,0.000,0.000,0.85043316572,0.15834693273,0.0102,1.571000000,0.000000000,0.000000000,0.00000000000,0.00000000000,0.00000000000,0.00000000000,0.00000000000,0.00000000000,4162627.1330,664704.0890,4770530.1970,-0.8760,5.4860,0.0000,0.000,0.000,0.000,0.85043316572,0.15834693273,0.0102,2.366
71000,4162626.2580,664709.5750,4770530.1970,-0.8760,5.4860,0.0000,0.000,0.000,0.000,0.000,0.000,0.000,0.85043316560,0.15834825060,0.0109,1.571000000,0.000000000,0.000000000,0.00000000000,0.00000000000,0.00000000000,0.00000000000,0.00000000000,0.00000000000,4162626.2580,664709.5750,4770530.1970,-0.8760,5.4860,0.0000,0.000,0.000,0.000,0.85043316560,0.15834825060,0.0109,2.366
72000,4162625.3820,664715.0610,4770530.1970,-0.8760,5.4860,0.0000,0.000,0.000,0.000,0.000,0.000,0.000,0.85043316559,0.15834956852,0.0109,1.571000000,0.000000000,0.000000000,0.00000000000,0.00000000000,0.00000000000,0.00000000000,0.00000000000,0.00000000000,4162625.3820,664715.0610,4770530.1970,-0.8760,5.4860,0.0000,0.000,0.000,0.000,0.85043316559,0.15834956852,0.0109,2.367
73000,4162624.5070,664720.5470,4770530.1970,-0.8760,5.4860,0.0000,0.000,0.000,0.000,0.000,0.000,0.000,0.85043316547,0.15835088640,0.0116,1.571000000,0.000000000,0.000000000,0.00000000000,0.00000000000,0.00000000000,0.00000000000,0.00000000000,0.00000000000,4162624.5070,664720.5470,4770530.1970,-0.8760,5.4860,0.0000,0.000,0.000,0.000,0.85043316547,0.15835088640,0.0116,2.367
74000,4162623.6310,664726.0330,4770530.1970,-0.8760,5.4860,0.0000,0.000,0.000,0.000,0.000,0.000,0.000,0.85043316547,0.15835220432,0.0116,1.571000000,0.000000000,0.000000000,0.00000000000,0.00000000000,0.00000000000,0.00000000000,0.00000000000,0.00000000000,4162623.6310,664726.0330,4770530.1970,-0.8760,5.4860,0.0000,0.000,0.000,0.000,0.85043316547,0.15835220432,0.0116,2.367
75000,4162622.7560,664731.5200,4770530.1970,-0.8760,5.4860,0.0000,0.000,0.000,0.000,0.000,0.000,0.000,0.85043316532,0.15835352243,0.0124,1.571000000,0.000000000,0.000000000,0.00000000000,0.00000000000,0.00000000000,0.00000000000,0.00000000000,0.00000000000,4162622.7560,664731.5200,4770530.1970,-0.8760,5.4860,0.0000,0.000,0.000,0.000,0.85043316532,0.15835352243,0.0124,2.367
76000,4162621.8800,664737.0060,4770530.1970,-0.8760,5.4860,0.0000,0.000,0.000,0.000,0.000,0.000,0.000,0.85043316532,0.15835484035,0.0124,1.571000000,0.000000000,0.000000000,0.00000000000,0.00000000000,0.00000000000,0.00000000000,0.00000000000,0.00000000000,4162621.8800,664737.0060,4770530.1970,-0.8760,5.4860,0.0000,0.000,0.000,0.000,0.85043316532,0.15835484035,0.0124,2.367
77000,4162621.0050,664742.4920,4770530.1970,-0.8760,5.4860,0.0000,0.000,0.000,0.000,0.000,0.000,0.000,0.85043316519,0.15835615823,0.0131,1.571000000,0.000000000,0.000000000,0.00000000000,0.00000000000,0.00000000000,0.00000000000,0.00000000000,0.00000000000,4162621.0050,664742.4920,4770530.1970,-0.8760,5.4860,0.0000,0.000,0.000,0.000,0.85043316519,0.15835615823,0.0131,2.367
78000,4162620.1290,664747.9780,4770530.1970,-0.8760,5.4860,0.0000,0.000,0.000,0.000,0.000,0.000,0.000,0.85043316518,0.15835747614,0.0132,1.571000000,0.000000000,0.000000000,0.00000000000,0.00000000000,0.00000000000,0.00000000000,0.00000000000,0.00000000000,4162620.1290,664747.9780,4770530.1970,-0.8760,5.4860,0.0000,0.000,0.000,0.000,0.85043316518,0.15835747614,0.0132,2.367
79000,4162619.2530,664753.4640,4770530.1970,-0.8760,5.4860,0.0000,0.000,0.000,0.000,0.000,0.000,0.000,0.85043316517,0.15835879406,0.0132,1.571000000,0.000000000,0.000000000,0.00000000000,0.00000000000,0.00000000000,0.00000000000,0.00000000000,0.00000000000,4162619.2530,664753.4640,4770530.1970,-0.8760,5.4860,0.0000,0.000,0.000,0.000,0.85043316517,0.15835879406,0.0132,2.367
80000,4162618.3780,664758.9500,4770530.1970,-0.8760,5.4860,0.0000,0.000,0.000,0.000,0.000,0.000,0.000,0.85043316504,0.15836011194,0.0140,1.571000000,0.000000000,0.000000000,0.00000000000,0.00000000000,0.00000000000,0.00000000000,0.00000000000,0.00000000000,4162618.3780,664758.9500,4770530.1970,-0.8760,5.4860,0.0000,0.000,0.000,0.000,0.85043316504,0.15836011194,0.0140,2.367
81000,4162617.5020,664764.4360,4770530.1970,-0.8760,5.4860,0.0000,0.000,0.000,0.000,0.000,0.000,0.000,0.85043316503,0.15836142986,0.0140,1.571000000,0.000000000,0.000000000,0.00000000000,0.00000000000,0.00000000000,0.00000000000,0.00000000000,0.00000000000,4162617.5020,664764.4360,4770530.1970,-0.8760,5.4860,0.0000,0.000,0.000,0.000,0.85043316503,0.15836142986,0.0140,2.367
82000,4162616.6270,664769.9220,4770530.1970,-0.8760,5.4860,0.0000,0.000,0.000,0.000,0.000,0.000,0.000,0.85043316490,0.15836274774,0.0148,1.571000000,0.000000000,0.000000000,0.00000000000,0.00000000000,0.00000000000,0.00000000000,0.00000000000,0.00000000000,4162616.6270,664769.9220,4770530.1970,-0.8760,5.4860,0.0000,0.000,0.000,0.000,0.85043316490,0.15836274774,0.0148,2.367
83000,4162615.7510,664775.4090,4770530.1970,-0.8760,5.4860,0.0000,0.000,0.000,0.000,0.000,0.000,0.000,0.85043316487,0.15836406589,0.0149,1.571000000,0.000000000,0.000000000,0.00000000000,0.00000000000,0.00000000000,0.00000000000,0.00000000000,0.00000000000,4162615.7510,664775.4090,4770530.1970,-0.8760,5.4860,0.0000,0.000,0.000,0.000,0.85043316487,0.15836406589,0.0149,2.367
84000,4162614.8760,664780.8950,4770530.1970,-0.8760,5.4860,0.0000,0.000,0.000,0.000,0.000,0.000,0.000,0.85043316474,0.15836538377,0.0157,1.571000000,0.000000000,0.000000000,0.00000000000,0.00000000000,0.00000000000,0.00000000000,0.00000000000,0.00000000000,4162614.8760,664780.8950,4770530.1970,-0.8760,5.4860,0.0000,0.000,0.000,0.000,0.85043316474,0.15836538377,0.0157,2.368
85000,4162614.0000,664786.3810,4770530.1970,-0.8760,5.4860,0.0000,0.000,0.000,0.000,0.000,0.000,0.000,0.85043316472,0.15836670168,0.0158,1.571000000,0.000000000,0.000000000,0.00000000000,0.00000000000,0.00000000000,0.00000000000,0.00000000000,0.00000000000,4162614.0000,664786.3810,4770530.1970,-0.8760,5.4860,0.0000,0.000,0.000,0.000,0.85043316472,0.15836670168,0.0158,2.368
86000,4162613.1250,664791.8670,4770530.1970,-0.8760,5.4860,0.0000,0.000,0.000,0.000,0.000,0.000,0.000,0.85043316459,0.15836801956,0.0165,1.571000000,0.000000000,0.000000000,0.00000000000,0.00000000000,0.00000000000,0.00000000000,0.00000000000,0.00000000000,4162613.1250,664791.8670,4770530.1970,-0.8760,5.4860,0.0000,0.000,0.000,0.000,0.85043316459,0.15836801956,0.0165,2.368
87000,4162612.2490,664797.3530,4770530.1970,-0.8760,5.4860,0.0000,0.000,0.000,0.000,0.000,0.000,0.000,0.85043316457,0.15836933748,0.0166,1.571000000,0.000000000,0.000000000,0.00000000000,0.00000000000,0.00000000000,0.00000000000,0.00000000000,0.00000000000,4162612.2490,664797.3530,4770530.1970,-0.8760,5.4860,0.0000,0.000,0.000,0.000,0.85043316457,0.15836933748,0.0166,2.368
88000,4162611.3740,664802.8390,4770530.1970,-0.8760,5.4860,0.0000,0.000,0.000,0.000,0.000,0.000,0.000,0.85043316444,0.15837065536,0.0173,1.571000000,0.000000000,0.000000000,0.00000000000,0.00000000000,0.00000000000,0.00000000000,0.00000000000,0.00000000000,4162611.3740,664802.8390,4770530.1970,-0.8760,5.4860,0.0000,0.000,0.000,0.000,0.85043316444,0.15837065536,0.0173,2.368
89000,4162610.4980,664808.3250,4770530.1970,-0.8760,5.4860,0.0000,0.000,0.000,0.000,0.000,0.000,0.000,0.85043316442,0.15837197328,0.0174,1.571000000,0.000000000,0.000000000,0.00000000000,0.00000000000,0.00000000000,0.00000000000,0.00000000000,0.00000000000,4162610.4980,664808.3250,4770530.1970,-0.8760,5.4860,0.0000,0.000,0.000,0.000,0.85043316442,0.15837197328,0.0174,2.368
90000,4162609.6220,664813.8110,4770530.1970,-0.8760,5.4860,0.0000,0.000,0.000,0.000,0.000,0.000,0.000,0.85043316440,0.15837329119,0.0176,1.571000000,0.000000000,0.000000000,0.00000000000,0.00000000000,0.00000000000,0.00000000000,0.00000000000,0.00000000000,4162609.6220,664813.8110,4770530.1970,-0.8760,5.4860,0.0000,0.000,0.000,0.000,0.85043316440,0.15837329119,0.0176,2.368
91000,4162608.7470,664819.2980,4770530.1970,-0.8760,5.4860,0.0000,0.000,0.000,0.000,0.000,0.000,0.000,0.85043316424,0.15837460931,0.0184,1.571000000,0.000000000,0.000000000,0.00000000000,0.00000000000,0.00000000000,0.00000000000,0.00000000000,0.00000000000,4162608.7470,664819.2980,4770530.1970,-0.8760,5.4860,0.0000,0.000,0.000,0.000,0.85043316424,0.15837460931,0.0184,2.368
92000,4162607.8710,664824.7840,4770530.1970,-0.8760,5.4860,0.0000,0.000,0.000,0.000,0.000,0.000,0.000,0.85043316422,0.15837592722,0.0186,1.571000000,0.000000000,0.000000000,0.00000000000,0.00000000000,0.00000000000,0.00000000000,0.00000000000,0.00000000000,4162607.8710,664824.7840,4770530.1970,-0.8760,5.4860,0.0000,0.000,0.000,0.000,0.85043316422,0.15837592722,0.0186,2.368
93000,4162606.9960,664830.2700,4770530.1970,-0.8760,5.4860,0.0000,0.000,0.000,0.000,0.000,0.000,0.000,0.85043316408,0.15837724510,0.0193,1.571000000,0.000000000,0.000000000,0.00000000000,0.00000000000,0.00000000000,0.00000000000,0.00000000000,0.00000000000,4162606.9960,664830.2700,4770530.1970,-0.8760,5.4860,0.0000,0.000,0.000,0.000,0.85043316408,0.15837724510,0.0193,2.368
94000,4162606.1200,664835.7560,4770530.1970,-0.8760,5.4860,0.0000,0.000,0.000,0.000,0.000,0.000,0.000,0.85043316406,0.15837856302,0.0195,1.571000000,0.000000000,0.000000000,0.00000000000,0.00000000000,0.00000000000,0.00000000000,0.00000000000,0.00000000000,4162606.1200,664835.7560,4770530.1970,-0.8760,5.4860,0.0000,0.000,0.000,0.000,0.85043316406,0.15837856302,0.0195,2.368
95000,4162605.2450,664841.2420,4770530.1970,-0.8760,5.4860,0.0000,0.000,0.000,0.000,0.000,0.000,0.000,0.85043316392,0.15837988090,0.0202,1.571000000,0.000000000,0.000000000,0.00000000000,0.00000000000,0.00000000000,0.00000000000,0.00000000000,0.00000000000,4162605.2450,664841.2420,4770530.1970,-0.8760,5.4860,0.0000,0.000,0.000,0.000,0.85043316392,0.15837988090,0.0202,2.368
96000,4162604.3690,664846.7280,4770530.1970,-0.8760,5.4860,0.0000,0.000,0.000,0.000,0.000,0.000,0.000,0.85043316390,0.15838119881,0.0204,1.571000000,0.000000000,0.000000000,0.00000000000,0.00000000000,0.00000000000,0.00000000000,0.00000000000,0.00000000000,4162604.3690,664846.7280,4770530.1970,-0.8760,5.4860,0.0000,0.000,0.000,0.000,0.85043316390,0.15838119881,0.0204,2.369
97000,4162603.4940,664852.2140,4770530.1970,-0.8760,5.4860,0.0000,0.000,0.000,0.000,0.000,0.000,0.000,0.85043316375,0.15838251669,0.0212,1.571000000,0.000000000,0.000000000,0.00000000000,0.00000000000,0.00000000000,0.00000000000,0.00000000000,0.00000000000,4162603.4940,664852.2140,4770530.1970,-0.8760,5.4860,0.0000,0.000,0.000,0.000,0.85043316375,0.15838251669,0.0212,2.369
98000,4162602.6180,664857.7000,4770530.1970,-0.8760,5.4860,0.0000,0.000,0.000,0.000,0.000,0.000,0.000,0.85043316373,0.15838383461,0.0213,1.571000000,0.000000000,0.000000000,0.00000000000,0.00000000000,0.00000000000,0.00000000000,0.00000000000,0.00000000000,4162602.6180,664857.7000,4770530.1970,-0.8760,5.4860,0.0000,0.000,0.000,0.000,0.85043316373,0.15838383461,0.0213,2.369
99000,4162601.7420,664863.1870,4770530.1970,-0.8760,5.4860,0.0000,0.000,0.000,0.000,0.000,0.000,0.000,0.85043316368,0.15838515276,0.0216,1.571000000,0.000000000,0.000000000,0.00000000000,0.00000000000,0.00000000000,0.00000000000,0.00000000000,0.00000000000,4162601.7420,664863.1870,4770530.1970,-0.8760,5.4860,0.0000,0.000,0.000,0.000,0.85043316368,0.15838515276,0.0216,2.369
100000,4162600.8670,664868.6730,4770530.1970,-0.8760,5.4860,0.0000,0.000,0.000,0.000,0.000,0.000,0.000,0.85043316354,0.15838647064,0.0224,1.571000000,0.000000000,0.000000000,0.00000000000,0.00000000000,0.00000000000,0.00000000000,0.00000000000,0.00000000000,4162600.8670,664868.6730,4770530.1970,-0.8760,5.4860,0.0000,0.000,0.000,0.000,0.85043316354,0.15838647064,0.0224,2.369
101000,4162599.9910,664874.1590,4770530.1970,-0.8760,5.4860,0.0000,0.000,0.000,0.000,0.000,0.000,0.000,0.85043316351,0.15838778856,0.0226,1.571000000,0.000000000,0.000000000,0.00000000000,0.00000000000,0.00000000000,0.00000000000,0.00000000000,0.00000000000,4162599.9910,664874.1590,4770530.1970,-0.8760,5.4860,0.0000,0.000,0.000,0.000,0.85043316351,0.15838778856,0.0226,2.369
102000,4162599.1160,664879.6450,4770530.1970,-0.8760,5.4860,0.0000,0.000,0.000,0.000,0.000,0.000,0.000,0.85043316336,0.15838910644,0.0234,1.571000000,0.000000000,0.000000000,0.00000000000,0.00000000000,0.00000000000,0.00000000000,0.00000000000,0.00000000000,4162599.1160,664879.6450,4770530.1970,-0.8760,5.4860,0.0000,0.000,0.000,0.000,0.85043316336,0.15838910644,0.0234,2.370
103000,4162598.2400,664885.1310,4770530.1970,-0.8760,5.4860,0.0000,0.000,0.000,0.000,0.000,0.000,0.000,0.85043316333,0.15839042435,0.0236,1.571000000,0.000000000,0.000000000,0.00000000000,0.00000000000,0.00000000000,0.00000000000,0.00000000000,0.00000000000,4162598.2400,664885.1310,4770530.1970,-0.8760,5.4860,0.0000,0.000,0.000,0.000,0.85043316333,0.15839042435,0.0236,2.370
104000,4162597.3650,664890.6170,4770530.1970,-0.8760,5.4860,0.0000,0.000,0.000,0.000,0.000,0.000,0.000,0.85043316318,0.15839174223,0.0244,1.571000000,0.000000000,0.000000000,0.00000000000,0.00000000000,0.00000000000,0.00000000000,0.00000000000,0.00000000000,4162597.3650,664890.6170,4770530.1970,-0.8760,5.4860,0.0000,0.000,0.000,0.000,0.85043316318,0.15839174223,0.0244,2.370
105000,4162596.4890,664896.1030,4770530.1970,-0.8760,5.4860,0.0000,0.000,0.000,0.000,0.000,0.000,0.000,0.85043316315,0.15839306015,0.0246,1.571000000,0.000000000,0.000000000,0.00000000000,0.00000000000,0.00000000000,0.00000000000,0.00000000000,0.00000000000,4162596.4890,664896.1030,4770530.1970,-0.8760,5.4860,0.0000,0.000,0.000,0.000,0.85043316315,0.15839306015,0.0246,2.370
106000,4162595.6140,664901.5900,4770530.1970,-0.8760,5.4860,0.0000,0.000,0.000,0.000,0.000,0.000,0.000,0.85043316298,0.15839437826,0.0255,1.571000000,0.000000000,0.000000000,0.00000000000,0.00000000000,0.00000000000,0.00000000000,0.00000000000,0.00000000000,4162595.6140,664901.5900,4770530.1970,-0.8760,5.4860,0.0000,0.000,0.000,0.000,0.85043316298,0.15839437826,0.0255,2.370
107000,4162594.7380,664907.0760,4770530.1970,-0.8760,5.4860,0.0000,0.000,0.000,0.000,0.000,0.000,0.000,0.85043316294,0.15839569618,0.0257,1.571000000,0.000000000,0.000000000,0.00000000000,0.00000000000,0.00000000000,0.00000000000,0.00000000000,0.00000000000,4162594.7380,664907.0760,4770530.1970,-0.8760,5.4860,0.0000,0.000,0.000,0.000,0.85043316294,0.15839569618,0.0257,2.370
108000,4162593.8620,664912.5620,4770530.1970,-0.8760,5.4860,0.0000,0.000,0.000,0.000,0.000,0.000,0.000,0.85043316291,0.15839701410,0.0259,1.571000000,0.000000000,0.000000000,0.00000000000,0.00000000000,0.00000000000,0.00000000000,0.00000000000,0.00000000000,4162593.8620,664912.5620,4770530.1970,-0.8760,5.4860,0.0000,0.000,0.000,0.000,0.85043316291,0.15839701410,0.0259,2.370
109000,4162592.9870,664918.0480,4770530.1970,-0.8760,5.4860,0.0000,0.000,0.000,0.000,0.000,0.000,0.000,0.85043316276,0.15839833198,0.0268,1.571000000,0.000000000,0.000000000,0.00000000000,0.00000000000,0.00000000000,0.00000000000,0.00000000000,0.00000000000,4162592.9870,664918.0480,4770530.1970,-0.8760,5.4860,0.0000,0.000,0.000,0.000,0.85043316276,0.15839833198,0.0268,2.370
110000,4162592.1110,664923.5340,4770530.1970,-0.8760,5.4860,0.0000,0.000,0.000,0.000,0.000,0.000,0.000,0.85043316272,0.15839964989,0.0270,1.571000000,0.000000000,0.000000000,0.00000000000,0.00000000000,0.00000000000,0.00000000000,0.00000000000,0.00000000000,4162592.1110,664923.5340,4770530.1970,-0.8760,5.4860,0.0000,0.000,0.000,0.000,0.85043316272,0.15839964989,0.0270,2.370
111000,4162591.2360,664929.0200,4770530.1970,-0.8760,5.4860,0.0000,0.000,0.000,0.000,0.000,0.000,0.000,0.85043316256,0.15840096777,0.0278,1.571000000,0.000000000,0.000000000,0.00000000000,0.00000000000,0.00000000000,0.00000000000,0.00000000000,0.00000000000,4162591.2360,664929.0200,4770530.1970,-0.8760,5.4860,0.0000,0.000,0.000,0.000,0.85043316256,0.15840096777,0.0278,2.370
112000,4162590.3600,664934.5060,4770530.1970,-0.8760,5.4860,0.0000,0.000,0.000,0.000,0.000,0.000,0.000,0.85043316253,0.15840228569,0.0280,1.571000000,0.000000000,0.000000000,0.00000000000,0.00000000000,0.00000000000,0.00000000000,0.00000000000,0.00000000000,4162590.3600,664934.5060,4770530.1970,-0.8760,5.4860,0.0000,0.000,0.000,0.000,0.85043316253,0.15840228569,0.0280,2.370
113000,4162589.4850,664939.9920,4770530.1970,-0.8760,5.4860,0.0000,0.000,0.000,0.000,0.000,0.000,0.000,0.85043316237,0.15840360357,0.0289,1.571000000,0.000000000,0.000000000,0.00000000000,0.00000000000,0.00000000000,0.00000000000,0.00000000000,0.00000000000,4162589.4850,664939.9920,4770530.1970,-0.8760,5.4860,0.0000,0.000,0.000,0.000,0.85043316237,0.15840360357,0.0289,2.370
114000,4162588.6090,664945.4790,4770530.1970,-0.8760,5.4860,0.0000,0.000,0.000,0.000,0.000,0.000,0.000,0.85043316231,0.15840492172,0.0292,1.571000000,0.000000000,0.000000000,0.00000000000,0.00000000000,0.00000000000,0.00000000000,0.00000000000,0.00000000000,4162588.6090,664945.4790,4770530.1970,-0.8760,5.4860,0.0000,0.000,0.000,0.000,0.85043316231,0.15840492172,0.0292,2.371
115000,4162587.7340,664950.9650,4770530.1970,-0.8760,5.4860,0.0000,0.000,0.000,0.000,0.000,0.000,0.000,0.85043316215,0.15840623960,0.0301,1.571000000,0.000000000,0.000000000,0.00000000000,0.00000000000,0.00000000000,0.00000000000,0.00000000000,0.00000000000,4162587.7340,664950.9650,4770530.1970,-0.8760,5.4860,0.0000,0.000,0.000,0.000,0.85043316215,0.15840623960,0.0301,2.371
116000,4162586.8580,664956.4510,4770530.1970,-0.8760,5.4860,0.0000,0.000,0.000,0.000,0.000,0.000,0.000,0.85043316211,0.15840755752,0.0304,1.571000000,0.000000000,0.000000000,0.00000000000,0.00000000000,0.00000000000,0.00000000000,0.00000000000,0.00000000000,4162586.8580,664956.4510,4770530.1970,-0.8760,5.4860,0.0000,0.000,0.000,0.000,0.85043316211,0.15840755752,0.0304,2.371
117000,4162585.9830,664961.9370,4770530.1970,-0.8760,5.4860,0.0000,0.000,0.000,0.000,0.000,0.000,0.000,0.85043316195,0.15840887539,0.0313,1.571000000,0.000000000,0.000000000,0.00000000000,0.00000000000,0.00000000000,0.00000000000,0.00000000000,0.00000000000,4162585.9830,664961.9370,4770530.1970,-0.8760,5.4860,0.0000,0.000,0.000,0.000,0.85043316195,0.15840887539,0.0313,2.371
118000,4162585.1070,664967.4230,4770530.1970,-0.8760,5.4860,0.0000,0.000,0.000,0.000,0.000,0.000,0.000,0.85043316191,0.15841019331,0.0315,1.571000000,0.000000000,0.000000000,0.00000000000,0.00000000000,0.00000000000,0.00000000000,0.00000000000,0.00000000000,4162585.1070,664967.4230,4770530.1970,-0.8760,5.4860,0.0000,0.000,0.000,0.000,0.85043316191,0.15841019331,0.0315,2.371
119000,4162584.2310,664972.9090,4770530.1970,-0.8760,5.4860,0.0000,0.000,0.000,0.000,0.000,0.000,0.000,0.85043316186,0.15841151123,0.0318,1.571000000,0.000000000,0.000000000,0.00000000000,0.00000000000,0.00000000000,0.00000000000,0.00000000000,0.00000000000,4162584.2310,664972.9090,4770530.1970,-0.8760,5.4860,0.0000,0.000,0.000,0.000,0.85043316186,0.15841151123,0.0318,2.371
120000,4162583.3560,664978.3950,4770530.1970,-0.8760,5.4860,0.0000,0.000,0.000,0.000,0.000,0.000,0.000,0.85043316170,0.15841282911,0.0327,1.571000000,0.000000000,0.000000000,0.00000000000,0.00000000000,0.00000000000,0.00000000000,0.00000000000,0.00000000000,4162583.3560,664978.3950,4770530.1970,-0.8760,5.4860,0.0000,0.000,0.000,0.000,0.85043316170,0.15841282911,0.0327,2.371
121000,4162582.4800,664983.8810,4770530.1970,-0.8760,5.4860,0.0000,0.000,0.000,0.000,0.000,0.000,0.000,0.85043316165,0.15841414702,0.0329,1.571000000,0.000000000,0.000000000,0.00000000000,0.00000000000,0.00000000000,0.00000000000,0.00000000000,0.00000000000,4162582.4800,664983.8810,4770530.1970,-0.8760,5.4860,0.0000,0.000,0.000,0.000,0.85043316165,0.15841414702,0.0329,2.371
122000,4162581.6050,664989.3680,4770530.1970,-0.8760,5.4860,0.0000,0.000,0.000,0.000,0.000,0.000,0.000,0.85043316147,0.15841546514,0.0339,1.571000000,0.000000000,0.000000000,0.00000000000,0.00000000000,0.00000000000,0.00000000000,0.00000000000,0.00000000000,4162581.6050,664989.3680,4770530.1970,-0.8760,5.4860,0.0000,0.000,0.000,0.000,0.85043316147,0.15841546514,0.0339,2.371
123000,4162580.7290,664994.8540,4770530.1970,-0.8760,5.4860,0.0000,0.000,0.000,0.000,0.000,0.000,0.000,0.85043316142,0.15841678305,0.0342,1.571000000,0.000000000,0.000000000,0.00000000000,0.00000000000,0.00000000000,0.00000000000,0.00000000000,0.00000000000,4162580.7290,664994.8540,4770530.1970,-0.8760,5.4860,0.0000,0.000,0.000,0.000,0.85043316142,0.15841678305,0.0342,2.371
124000,4162579.8540,665000.3400,4770530.1970,-0.8760,5.4860,0.0000,0.000,0.000,0.000,0.000,0.000,0.000,0.85043316126,0.15841810093,0.0351,1.571000000,0.000000000,0.000000000,0.00000000000,0.00000000000,0.00000000000,0.00000000000,0.00000000000,0.00000000000,4162579.8540,665000.3400,4770530.1970,-0.8760,5.4860,0.0000,0.000,0.000,0.000,0.85043316126,0.15841810093,0.0351,2.371
125000,4162578.9780,665005.8260,4770530.1970,-0.8760,5.4860,0.0000,0.000,0.000,0.000,0.000,0.000,0.000,0.85043316121,0.15841941885,0.0354,1.571000000,0.000000000,0.000000000,0.00000000000,0.00000000000,0.00000000000,0.00000000000,0.00000000000,0.00000000000,4162578.9780,665005.8260,4770530.1970,-0.8760,5.4860,0.0000,0.000,0.000,0.000,0.85043316121,0.15841941885,0.0354,2.371
126000,4162578.1030,665011.3120,4770530.1970,-0.8760,5.4860,0.0000,0.000,0.000,0.000,0.000,0.000,0.000,0.85043316104,0.15842073673,0.0364,1.571000000,0.000000000,0.000000000,0.00000000000,0.00000000000,0.00000000000,0.00000000000,0.00000000000,0.00000000000,4162578.1030,665011.3120,4770530.1970,-0.8760,5.4860,0.0000,0.000,0.000,0.000,0.85043316104,0.15842073673,0.0364,2.372
127000,4162577.2270,665016.7980,4770530.1970,-0.8760,5.4860,0.0000,0.000,0.000,0.000,0.000,0.000,0.000,0.85043316099,0.15842205465,0.0366,1.571000000,0.000000000,0.000000000,0.00000000000,0.00000000000,0.00000000000,0.00000000000,0.00000000000,0.00000000000,4162577.2270,665016.7980,4770530.1970,-0.8760,5.4860,0.0000,0.000,0.000,0.000,0.85043316099,0.15842205465,0.0366,2.372
128000,4162576.3510,665022.2840,4770530.1970,-0.8760,5.4860,0.0000,0.000,0.000,0.000,0.000,0.000,0.000,0.85043316094,0.15842337256,0.0369,1.571000000,0.000000000,0.000000000,0.00000000000,0.00000000000,0.00000000000,0.00000000000,0.00000000000,0.00000000000,4162576.3510,665022.2840,4770530.1970,-0.8760,5.4860,0.0000,0.000,0.000,0.000,0.85043316094,0.15842337256,0.0369,2.372
129000,4162575.4760,665027.7700,4770530.1970,-0.8760,5.4860,0.0000,0.000,0.000,0.000,0.000,0.000,0.000,0.85043316077,0.15842469044,0.0379,1.571000000,0.000000000,0.000000000,0.00000000000,0.00000000000,0.00000000000,0.00000000000,0.00000000000,0.00000000000,4162575.4760,665027.7700,4770530.1970,-0.8760,5.4860,0.0000,0.000,0.000,0.000,0.85043316077,0.15842469044,0.0379,2.372
130000,4162574.6000,665033.2570,4770530.1970,-0.8760,5.4860,0.0000,0.000,0.000,0.000,0.000,0.000,0.000,0.85043316069,0.15842600859,0.0383,1.571000000,0.000000000,0.000000000,0.00000000000,0.00000000000,0.00000000000,0.00000000000,0.00000000000,0.00000000000,4162574.6000,665033.2570,4770530.1970,-0.8760,5.4860,0.0000,0.000,0.000,0.000,0.85043316069,0.15842600859,0.0383,2.372
131000,4162573.7250,665038.7430,4770530.1970,-0.8760,5.4860,0.0000,0.000,0.000,0.000,0.000,0.000,0.000,0.85043316052,0.15842732647,0.0393,1.571000000,0.000000000,0.000000000,0.00000000000,0.00000000000,0.00000000000,0.00000000000,0.00000000000,0.00000000000,4162573.7250,665038.7430,4770530.1970,-0.8760,5.4860,0.0000,0.000,0.000,0.000,0.85043316052,0.15842732647,0.0393,2.372
132000,4162572.8490,665044.2290,4770530.1970,-0.8760,5.4860,0.0000,0.000,0.000,0.000,0.000,0.000,0.000,0.85043316046,0.15842864439,0.0396,1.571000000,0.000000000,0.000000000,0.00000000000,0.00000000000,0.00000000000,0.00000000000,0.00000000000,0.00000000000,4162572.8490,665044.2290,4770530.1970,-0.8760,5.4860,0.0000,0.000,0.000,0.000,0.85043316046,0.15842864439,0.0396,2.373
133000,4162571.9740,665049.7150,4770530.1970,-0.8760,5.4860,0.0000,0.000,0.000,0.000,0.000,0.000,0.000,0.85043316029,0.15842996227,0.0405,1.571000000,0.000000000,0.000000000,0.00000000000,0.00000000000,0.00000000000,0.00000000000,0.00000000000,0.00000000000,4162571.9740,665049.7150,4770530.1970,-0.8760,5.4860,0.0000,0.000,0.000,0.000,0.85043316029,0.15842996227,0.0405,2.373
134000,4162571.0980,665055.2010,4770530.1970,-0.8760,5.4860,0.0000,0.000,0.000,0.000,0.000,0.000,0.000,0.85043316023,0.15843128019,0.0409,1.571000000,0.000000000,0.000000000,0.00000000000,0.00000000000,0.00000000000,0.00000000000,0.00000000000,0.00000000000,4162571.0980,665055.2010,4770530.1970,-0.8760,5.4860,0.0000,0.000,0.000,0.000,0.85043316023,0.15843128019,0.0409,2.373
135000,4162570.2230,665060.6870,4770530.1970,-0.8760,5.4860,0.0000,0.000,0.000,0.000,0.000,0.000,0.000,0.85043316006,0.15843259807,0.0418,1.571000000,0.000000000,0.000000000,0.00000000000,0.00000000000,0.00000000000,0.00000000000,0.00000000000,0.00000000000,4162570.2230,665060.6870,4770530.1970,-0.8760,5.4860,0.0000,0.000,0.000,0.000,0.85043316006,0.15843259807,0.0418,2.373
136000,4162569.3470,665066.1730,4770530.1970,-0.8760,5.4860,0.0000,0.000,0.000,0.000,0.000,0.000,0.000,0.85043316000,0.15843391598,0.0422,1.571000000,0.000000000,0.000000000,0.00000000000,0.00000000000,0.00000000000,0.00000000000,0.00000000000,0.00000000000,4162569.3470,665066.1730,4770530.1970,-0.8760,5.4860,0.0000,0.000,0.000,0.000,0.85043316000,0.15843391598,0.0422,2.373
137000,4162568.4720,665071.6600,4770530.1970,-0.8760,5.4860,0.0000,0.000,0.000,0.000,0.000,0.000,0.000,0.85043315980,0.15843523410,0.0433,1.571000000,0.000000000,0.000000000,0.00000000000,0.00000000000,0.00000000000,0.00000000000,0.00000000000,0.00000000000,4162568.4720,665071.6600,4770530.1970,-0.8760,5.4860,0.0000,0.000,0.000,0.000,0.85043315980,0.15843523410,0.0433,2.373
138000,4162567.5960,665077.1460,4770530.1970,-0.8760,5.4860,0.0000,0.000,0.000,0.000,0.000,0.000,0.000,0.85043315974,0.15843655201,0.0436,1.571000000,0.000000000,0.000000000,0.00000000000,0.00000000000,0.00000000000,0.00000000000,0.00000000000,0.00000000000,4162567.5960,665077.1460,4770530.1970,-0.8760,5.4860,0.0000,0.000,0.000,0.000,0.85043315974,0.15843655201,0.0436,2.373
139000,4162566.7200,665082.6320,4770530.1970,-0.8760,5.4860,0.0000,0.000,0.000,0.000,0.000,0.000,0.000,0.85043315968,0.15843786993,0.0440,1.571000000,0.000000000,0.000000000,0.00000000000,0.00000000000,0.00000000000,0.00000000000,0.00000000000,0.00000000000,4162566.7200,665082.6320,4770530.1970,-0.8760,5.4860,0.0000,0.000,0.000,0.000,0.85043315968,0.15843786993,0.0440,2.373
140000,4162565.8450,665088.1180,4770530.1970,-0.8760,5.4860,0.0000,0.000,0.000,0.000,0.000,0.000,0.000,0.85043315950,0.15843918781,0.0450,1.571000000,0.000000000,0.000000000,0.00000000000,0.00000000000,0.00000000000,0.00000000000,0.00000000000,0.00000000000,4162565.8450,665088.1180,4770530.1970,-0.8760,5.4860,0.0000,0.000,0.000,0.000,0.85043315950,0.15843918781,0.0450,2.373
141000,4162564.9690,665093.6040,4770530.1970,-0.8760,5.4860,0.0000,0.000,0.000,0.000,0.000,0.000,0.000,0.85043315944,0.15844050573,0.0453,1.571000000,0.000000000,0.000000000,0.00000000000,0.00000000000,0.00000000000,0.00000000000,0.00000000000,0.00000000000,4162564.9690,665093.6040,4770530.1970,-0.8760,5.4860,0.0000,0.000,0.000,0.000,0.85043315944,0.15844050573,0.0453,2.373
142000,4162564.0940,665099.0900,4770530.1970,-0.8760,5.4860,0.0000,0.000,0.000,0.000,0.000,0.000,0.000,0.85043315926,0.15844182360,0.0463,1.571000000,0.000000000,0.000000000,0.00000000000,0.00000000000,0.00000000000,0.00000000000,0.00000000000,0.00000000000,4162564.0940,665099.0900,4770530.1970,-0.8760,5.4860,0.0000,0.000,0.000,0.000,0.85043315926,0.15844182360,0.0463,2.373
143000,4162563.2180,665104.5760,4770530.1970,-0.8760,5.4860,0.0000,0.000,0.000,0.000,0.000,0.000,0.000,0.85043315919,0.15844314152,0.0467,1.571000000,0.000000000,0.000000000,0.00000000000,0.00000000000,0.00000000000,0.00000000000,0.00000000000,0.00000000000,4162563.2180,665104.5760,4770530.1970,-0.8760,5.4860,0.0000,0.000,0.000,0.000,0.85043315919,0.15844314152,0.0467,2.373
144000,4162562.3430,665110.0620,4770530.1970,-0.8760,5.4860,0.0000,0.000,0.000,0.000,0.000,0.000,0.000,0.85043315901,0.15844445940,0.0477,1.571000000,0.000000000,0.000000000,0.00000000000,0.00000000000,0.00000000000,0.00000000000,0.00000000000,0.00000000000,4162562.3430,665110.0620,4770530.1970,-0.8760,5.4860,0.0000,0.000,0.000,0.000,0.85043315901,0.15844445940,0.0477,2.374
145000,4162561.4670,665115.5490,4770530.1970,-0.8760,5.4860,0.0000,0.000,0.000,0.000,0.000,0.000,0.000,0.85043315892,0.15844577755,0.0482,1.571000000,0.000000000,0.000000000,0.00000000000,0.00000000000,0.00000000000,0.00000000000,0.00000000000,0.00000000000,4162561.4670,665115.5490,4770530.1970,-0.8760,5.4860,0.0000,0.000,0.000,0.000,0.85043315892,0.15844577755,0.0482,2.374
146000,4162560.5920,665121.0350,4770530.1970,-0.8760,5.4860,0.0000,0.000,0.000,0.000,0.000,0.000,0.000,0.85043315874,0.15844709543,0.0492,1.571000000,0.000000000,0.000000000,0.00000000000,0.00000000000,0.00000000000,0.00000000000,0.00000000000,0.00000000000,4162560.5920,665121.0350,4770530.1970,-0.8760,5.4860,0.0000,0.000,0.000,0.000,0.85043315874,0.15844709543,0.0492,2.374
147000,4162559.7160,665126.5210,4770530.1970,-0.8760,5.4860,0.0000,0.000,0.000,0.000,0.000,0.000,0.000,0.85043315867,0.15844841335,0.0496,1.571000000,0.000000000,0.000000000,0.00000000000,0.00000000000,0.00000000000,0.00000000000,0.00000000000,0.00000000000,4162559.7160,665126.5210,4770530.1970,-0.8760,5.4860,0.0000,0.000,0.000,0.000,0.85043315867,0.15844841335,0.0496,2.374
148000,4162558.8400,665132.0070,4770530.1970,-0.8760,5.4860,0.0000,0.000,0.000,0.000,0.000,0.000,0.000,0.85043315860,0.15844973126,0.0500,1.571000000,0.000000000,0.000000000,0.00000000000,0.00000000000,0.00000000000,0.00000000000,0.00000000000,0.00000000000,4162558.8400,665132.0070,4770530.1970,-0.8760,5.4860,0.0000,0.000,0.000,0.000,0.85043315860,0.15844973126,0.0500,2.374
149000,4162557.9650,665137.4930,4770530.1970,-0.8760,5.4860,0.0000,0.000,0.000,0.000,0.000,0.000,0.000,0.85043315841,0.15845104914,0.0511,1.571000000,0.000000000,0.000000000,0.00000000000,0.00000000000,0.00000000000,0.00000000000,0.00000000000,0.00000000000,4162557.9650,665137.4930,4770530.1970,-0.8760,5.4860,0.0000,0.000,0.000,0.000,0.85043315841,0.15845104914,0.0511,2.374
150000,4162557.0890,665142.9790,4770530.1970,-0.8760,5.4860,0.0000,0.000,0.000,0.000,0.000,0.000,0.000,0.85043315834,0.15845236706,0.0515,1.571000000,0.000000000,0.000000000,0.00000000000,0.00000000000,0.00000000000,0.00000000000,0.00000000000,0.00000000000,4162557.0890,665142.9790,4770530.1970,-0.8760,5.4860,0.0000,0.000,0.000,0.000,0.85043315834,0.15845236706,0.0515,2.375
151000,4162556.2140,665148.4650,4770530.1970,-0.8760,5.4860,0.0000,0.000,0.000,0.000,0.000,0.000,0.000,0.85043315815,0.15845368494,0.0525,1.571000000,0.000000000,0.000000000,0.00000000000,0.00000000000,0.00000000000,0.00000000000,0.00000000000,0.00000000000,4162556.2140,665148.4650,4770530.1970,-0.8760,5.4860,0.0000,0.000,0.000,0.000,0.85043315815,0.15845368494,0.0525,2.375
152000,4162555.3380,665153.9510,4770530.1970,-0.8760,5.4860,0.0000,0.000,0.000,0.000,0.000,0.000,0.000,0.85043315808,0.15845500286,0.0529,1.571000000,0.000000000,0.000000000,0.00000000000,0.00000000000,0.00000000000,0.00000000000,0.00000000000,0.00000000000,4162555.3380,665153.9510,4770530.1970,-0.8760,5.4860,0.0000,0.000,0.000,0.000,0.85043315808,0.15845500286,0.0529,2.375
153000,4162554.4630,665159.4380,4770530.1970,-0.8760,5.4860,0.0000,0.000,0.000,0.000,0.000,0.000,0.000,0.85043315787,0.15845632097,0.0541,1.571000000,0.000000000,0.000000000,0.00000000000,0.00000000000,0.00000000000,0.00000000000,0.00000000000,0.00000000000,4162554.4630,665159.4380,4770530.1970,-0.8760,5.4860,0.0000,0.000,0.000,0.000,0.85043315787,0.15845632097,0.0541,2.375
154000,4162553.5870,665164.9240,4770530.1970,-0.8760,5.4860,0.0000,0.000,0.000,0.000,0.000,0.000,0.000,0.85043315779,0.15845763889,0.0545,1.571000000,0.000000000,0.000000000,0.00000000000,0.00000000000,0.00000000000,0.00000000000,0.00000000000,0.00000000000,4162553.5870,665164.9240,4770530.1970,-0.8760,5.4860,0.0000,0.000,0.000,0.000,0.85043315779,0.15845763889,0.0545,2.375
155000,4162552.7120,665170.4100,4770530.1970,-0.8760,5.4860,0.0000,0.000,0.000,0.000,0.000,0.000,0.000,0.85043315760,0.15845895677,0.0556,1.571000000,0.000000000,0.000000000,0.00000000000,0.00000000000,0.00000000000,0.00000000000,0.00000000000,0.00000000000,4162552.7120,665170.4100,4770530.1970,-0.8760,5.4860,0.0000,0.000,0.000,0.000,0.85043315760,0.15845895677,0.0556,2.375
156000,4162551.8360,665175.8960,4770530.1970,-0.8760,5.4860,0.0000,0.000,0.000,0.000,0.000,0.000,0.000,0.85043315752,0.15846027468,0.0560,1.571000000,0.000000000,0.000000000,0.00000000000,0.00000000000,0.00000000000,0.00000000000,0.00000000000,0.00000000000,4162551.8360,665175.8960,4770530.1970,-0.8760,5.4860,0.0000,0.000,0.000,0.000,0.85043315752,0.15846027468,0.0560,2.375
157000,4162550.9600,665181.3820,4770530.1970,-0.8760,5.4860,0.0000,0.000,0.000,0.000,0.000,0.000,0.000,0.85043315745,0.15846159260,0.0565,1.571000000,0.000000000,0.000000000,0.00000000000,0.00000000000,0.00000000000,0.00000000000,0.00000000000,0.00000000000,4162550.9600,665181.3820,4770530.1970,-0.8760,5.4860,0.0000,0.000,0.000,0.000,0.85043315745,0.15846159260,0.0565,2.375
158000,4162550.0850,665186.8680,4770530.1970,-0.8760,5.4860,0.0000,0.000,0.000,0.000,0.000,0.000,0.000,0.85043315725,0.15846291048,0.0575,1.571000000,0.000000000,0.000000000,0.00000000000,0.00000000000,0.00000000000,0.00000000000,0.00000000000,0.00000000000,4162550.0850,665186.8680,4770530.1970,-0.8760,5.4860,0.0000,0.000,0.000,0.000,0.85043315725,0.15846291048,0.0575,2.375
159000,4162549.2090,665192.3540,4770530.1970,-0.8760,5.4860,0.0000,0.000,0.000,0.000,0.000,0.000,0.000,0.85043315717,0.15846422840,0.0580,1.571000000,0.000000000,0.000000000,0.00000000000,0.00000000000,0.00000000000,0.00000000000,0.00000000000,0.00000000000,4162549.2090,665192.3540,4770530.1970,-0.8760,5.4860,0.0000,0.000,0.000,0.000,0.85043315717,0.15846422840,0.0580,2.375
160000,4162548.3340,665197.8400,4770530.1970,-0.8760,5.4860,0.0000,0.000,0.000,0.000,0.000,0.000,0.000,0.85043315697,0.15846554627,0.0591,1.571000000,0.000000000,0.000000000,0.00000000000,0.00000000000,0.00000000000,0.00000000000,0.00000000000,0.00000000000,4162548.3340,665197.8400,4770530.1970,-0.8760,5.4860,0.0000,0.000,0.000,0.000,0.85043315697,0.15846554627,0.0591,2.375
161000,4162547.4580,665203.3270,4770530.1970,-0.8760,5.4860,0.0000,0.000,0.000,0.000,0.000,0.000,0.000,0.85043315687,0.15846686443,0.0596,1.571000000,0.000000000,0.000000000,0.00000000000,0.00000000000,0.00000000000,0.00000000000,0.00000000000,0.00000000000,4162547.4580,665203.3270,4770530.1970,-0.8760,5.4860,0.0000,0.000,0.000,0.000,0.85043315687,0.15846686443,0.0596,2.375
162000,4162546.5830,665208.8130,4770530.1970,-0.8760,5.4860,0.0000,0.000,0.000,0.000,0.000,0.000,0.000,0.85043315668,0.15846818231,0.0608,1.571000000,0.000000000,0.000000000,0.00000000000,0.00000000000,0.00000000000,0.00000000000,0.00000000000,0.00000000000,4162546.5830,665208.8130,4770530.1970,-0.8760,5.4860,0.0000,0.000,0.000,0.000,0.85043315668,0.15846818231,0.0608,2.376
163000,4162545.7070,665214.2990,4770530.1970,-0.8760,5.4860,0.0000,0.000,0.000,0.000,0.000,0.000,0.000,0.85043315659,0.15846950022,0.0612,1.571000000,0.000000000,0.000000000,0.00000000000,0.00000000000,0.00000000000,0.00000000000,0.00000000000,0.00000000000,4162545.7070,665214.2990,4770530.1970,-0.8760,5.4860,0.0000,0.000,0.000,0.000,0.85043315659,0.15846950022,0.0612,2.376
164000,4162544.8320,665219.7850,4770530.1970,-0.8760,5.4860,0.0000,0.000,0.000,0.000,0.000,0.000,0.000,0.85043315639,0.15847081810,0.0623,1.571000000,0.000000000,0.000000000,0.00000000000,0.00000000000,0.00000000000,0.00000000000,0.00000000000,0.00000000000,4162544.8320,665219.7850,4770530.1970,-0.8760,5.4860,0.0000,0.000,0.000,0.000,0.85043315639,0.15847081810,0.0623,2.376
165000,4162543.9560,665225.2710,4770530.1970,-0.8760,5.4860,0.0000,0.000,0.000,0.000,0.000,0.000,0.000,0.85043315631,0.15847213602,0.0628,1.571000000,0.000000000,0.000000000,0.00000000000,0.00000000000,0.00000000000,0.00000000000,0.00000000000,0.00000000000,4162543.9560,665225.2710,4770530.1970,-0.8760,5.4860,0.0000,0.000,0.000,0.000,0.85043315631,0.15847213602,0.0628,2.376
166000,4162543.0810,665230.7570,4770530.1970,-0.8760,5.4860,0.0000,0.000,0.000,0.000,0.000,0.000,0.000,0.85043315611,0.15847345390,0.0639,1.571000000,0.000000000,0.000000000,0.00000000000,0.00000000000,0.00000000000,0.00000000000,0.00000000000,0.00000000000,4162543.0810,665230.7570,4770530.1970,-0.8760,5.4860,0.0000,0.000,0.000,0.000,0.85043315611,0.15847345390,0.0639,2.376
167000,4162542.2050,665236.2430,4770530.1970,-0.8760,5.4860,0.0000,0.000,0.000,0.000,0.000,0.000,0.000,0.85043315602,0.15847477181,0.0644,1.571000000,0.000000000,0.000000000,0.00000000000,0.00000000000,0.00000000000,0.00000000000,0.00000000000,0.00000000000,4162542.2050,665236.2430,4770530.1970,-0.8760,5.4860,0.0000,0.000,0.000,0.000,0.85043315602,0.15847477181,0.0644,2.376
168000,4162541.3290,665241.7300,4770530.1970,-0.8760,5.4860,0.0000,0.000,0.000,0.000,0.000,0.000,0.000,0.85043315591,0.15847608996,0.0650,1.571000000,0.000000000,0.000000000,0.00000000000,0.00000000000,0.00000000000,0.00000000000,0.00000000000,0.00000000000,4162541.3290,665241.7300,4770530.1970,-0.8760,5.4860,0.0000,0.000,0.000,0.000,0.85043315591,0.15847608996,0.0650,2.376
169000,4162540.4540,665247.2160,4770530.1970,-0.8760,5.4860,0.0000,0.000,0.000,0.000,0.000,0.000,0.000,0.85043315571,0.15847740784,0.0662,1.571000000,0.000000000,0.000000000,0.00000000000,0.00000000000,0.00000000000,0.00000000000,0.00000000000,0.00000000000,4162540.4540,665247.2160,4770530.1970,-0.8760,5.4860,0.0000,0.000,0.000,0.000,0.85043315571,0.15847740784,0.0662,2.376
170000,4162539.5780,665252.7020,4770530.1970,-0.8760,5.4860,0.0000,0.000,0.000,0.000,0.000,0.000,0.000,0.85043315562,0.15847872576,0.0667,1.571000000,0.000000000,0.000000000,0.00000000000,0.00000000000,0.00000000000,0.00000000000,0.00000000000,0.00000000000,4162539.5780,665252.7020,4770530.1970,-0.8760,5.4860,0.0000,0.000,0.000,0.000,0.85043315562,0.15847872576,0.0667,2.376
171000,4162538.7030,665258.1880,4770530.1970,-0.8760,5.4860,0.0000,0.000,0.000,0.000,0.000,0.000,0.000,0.85043315541,0.15848004364,0.0678,1.571000000,0.000000000,0.000000000,0.00000000000,0.00000000000,0.00000000000,0.00000000000,0.00000000000,0.00000000000,4162538.7030,665258.1880,4770530.1970,-0.8760,5.4860,0.0000,0.000,0.000,0.000,0.85043315541,0.15848004364,0.0678,2.376
172000,4162537.8270,665263.6740,4770530.1970,-0.8760,5.4860,0.0000,0.000,0.000,0.000,0.000,0.000,0.000,0.85043315532,0.15848136156,0.0683,1.571000000,0.000000000,0.000000000,0.00000000000,0.00000000000,0.00000000000,0.00000000000,0.00000000000,0.00000000000,4162537.8270,665263.6740,4770530.1970,-0.8760,5.4860,0.0000,0.000,0.000,0.000,0.85043315532,0.15848136156,0.0683,2.376
173000,4162536.9520,665269.1600,4770530.1970,-0.8760,5.4860,0.0000,0.000,0.000,0.000,0.000,0.000,0.000,0.85043315512,0.15848267944,0.0695,1.571000000,0.000000000,0.000000000,0.00000000000,0.00000000000,0.00000000000,0.00000000000,0.00000000000,0.00000000000,4162536.9520,665269.1600,4770530.1970,-0.8760,5.4860,0.0000,0.000,0.000,0.000,0.85043315512,0.15848267944,0.0695,2.376
174000,4162536.0760,665274.6460,4770530.1970,-0.8760,5.4860,0.0000,0.000,0.000,0.000,0.000,0.000,0.000,0.85043315502,0.15848399735,0.0700,1.571000000,0.000000000,0.000000000,0.00000000000,0.00000000000,0.00000000000,0.00000000000,0.00000000000,0.00000000000,4162536.0760,665274.6460,4770530.1970,-0.8760,5.4860,0.0000,0.000,0.000,0.000,0.85043315502,0.15848399735,0.0700,2.377
175000,4162535.2010,665280.1320,4770530.1970,-0.8760,5.4860,0.0000,0.000,0.000,0.000,0.000,0.000,0.000,0.85043315481,0.15848531523,0.0712,1.571000000,0.000000000,0.000000000,0.00000000000,0.00000000000,0.00000000000,0.00000000000,0.00000000000,0.00000000000,4162535.2010,665280.1320,4770530.1970,-0.8760,5.4860,0.0000,0.000,0.000,0.000,0.85043315481,0.15848531523,0.0712,2.377
176000,4162534.3250,665285.6190,4770530.1970,-0.8760,5.4860,0.0000,0.000,0.000,0.000,0.000,0.000,0.000,0.85043315470,0.15848663338,0.0718,1.571000000,0.000000000,0.000000000,0.00000000000,0.00000000000,0.00000000000,0.00000000000,0.00000000000,0.00000000000,4162534.3250,665285.6190,4770530.1970,-0.8760,5.4860,0.0000,0.000,0.000,0.000,0.85043315470,0.15848663338,0.0718,2.377
177000,4162533.4490,665291.1050,4770530.1970,-0.8760,5.4860,0.0000,0.000,0.000,0.000,0.000,0.000,0.000,0.85043315461,0.15848795130,0.0723,1.571000000,0.000000000,0.000000000,0.00000000000,0.00000000000,0.00000000000,0.00000000000,0.00000000000,0.00000000000,4162533.4490,665291.1050,4770530.1970,-0.8760,5.4860,0.0000,0.000,0.000,0.000,0.85043315461,0.15848795130,0.0723,2.377
178000,4162532.5740,665296.5910,4770530.1970,-0.8760,5.4860,0.0000,0.000,0.000,0.000,0.000,0.000,0.000,0.85043315439,0.15848926918,0.0735,1.571000000,0.000000000,0.000000000,0.00000000000,0.00000000000,0.00000000000,0.00000000000,0.00000000000,0.00000000000,4162532.5740,665296.5910,4770530.1970,-0.8760,5.4860,0.0000,0.000,0.000,0.000,0.85043315439,0.15848926918,0.0735,2.377
179000,4162531.6980,665302.0770,4770530.1970,-0.8760,5.4860,0.0000,0.000,0.000,0.000,0.000,0.000,0.000,0.85043315430,0.15849058710,0.0741,1.571000000,0.000000000,0.000000000,0.00000000000,0.00000000000,0.00000000000,0.00000000000,0.00000000000,0.00000000000,4162531.6980,665302.0770,4770530.1970,-0.8760,5.4860,0.0000,0.000,0.000,0.000,0.85043315430,0.15849058710,0.0741,2.377
180000,4162530.8230,665307.5630,4770530.1970,-0.8760,5.4860,0.0000,0.000,0.000,0.000,0.000,0.000,0.000,0.85043315408,0.15849190497,0.0753,1.571000000,0.000000000,0.000000000,0.00000000000,0.00000000000,0.00000000000,0.00000000000,0.00000000000,0.00000000000,4162530.8230,665307.5630,4770530.1970,-0.8760,5.4860,0.0000,0.000,0.000,0.000,0.85043315408,0.15849190497,0.0753,2.378
181000,4162529.9470,665313.0490,4770530.1970,-0.8760,5.4860,0.0000,0.000,0.000,0.000,0.000,0.000,0.000,0.85043315399,0.15849322289,0.0758,1.571000000,0.000000000,0.000000000,0.00000000000,0.00000000000,0.00000000000,0.00000000000,0.00000000000,0.00000000000,4162529.9470,665313.0490,4770530.1970,-0.8760,5.4860,0.0000,0.000,0.000,0.000,0.85043315399,0.15849322289,0.0758,2.378
182000,4162529.0720,665318.5350,4770530.1970,-0.8760,5.4860,0.0000,0.000,0.000,0.000,0.000,0.000,0.000,0.85043315377,0.15849454077,0.0770,1.571000000,0.000000000,0.000000000,0.00000000000,0.00000000000,0.00000000000,0.00000000000,0.00000000000,0.00000000000,4162529.0720,665318.5350,4770530.1970,-0.8760,5.4860,0.0000,0.000,0.000,0.000,0.85043315377,0.15849454077,0.0770,2.378
183000,4162528.1960,665324.0210,4770530.1970,-0.8760,5.4860,0.0000,0.000,0.000,0.000,0.000,0.000,0.000,0.85043315367,0.15849585869,0.0776,1.571000000,0.000000000,0.000000000,0.00000000000,0.00000000000,0.00000000000,0.00000000000,0.00000000000,0.00000000000,4162528.1960,665324.0210,4770530.1970,-0.8760,5.4860,0.0000,0.000,0.000,0.000,0.85043315367,0.15849585869,0.0776,2.378
184000,4162527.3210,665329.5080,4770530.1970,-0.8760,5.4860,0.0000,0.000,0.000,0.000,0.000,0.000,0.000,0.85043315343,0.15849717680,0.0789,1.571000000,0.000000000,0.000000000,0.00000000000,0.00000000000,0.00000000000,0.00000000000,0.00000000000,0.00000000000,4162527.3210,665329.5080,4770530.1970,-0.8760,5.4860,0.0000,0.000,0.000,0.000,0.85043315343,0.15849717680,0.0789,2.378
185000,4162526.4450,665334.9940,4770530.1970,-0.8760,5.4860,0.0000,0.000,0.000,0.000,0.000,0.000,0.000,0.85043315333,0.15849849472,0.0795,1.571000000,0.000000000,0.000000000,0.00000000000,0.00000000000,0.00000000000,0.00000000000,0.00000000000,0.00000000000,4162526.4450,665334.9940,4770530.1970,-0.8760,5.4860,0.0000,0.000,0.000,0.000,0.85043315333,0.15849849472,0.0795,2.378
186000,4162525.5690,665340.4800,4770530.1970,-0.8760,5.4860,0.0000,0.000,0.000,0.000,0.000,0.000,0.000,0.85043315323,0.15849981263,0.0800,1.571000000,0.000000000,0.000000000,0.00000000000,0.00000000000,0.00000000000,0.00000000000,0.00000000000,0.00000000000,4162525.5690,665340.4800,4770530.1970,-0.8760,5.4860,0.0000,0.000,0.000,0.000,0.85043315323,0.15849981263,0.0800,2.378
187000,4162524.6940,665345.9660,4770530.1970,-0.8760,5.4860,0.0000,0.000,0.000,0.000,0.000,0.000,0.000,0.85043315301,0.15850113051,0.0813,1.571000000,0.000000000,0.000000000,0.00000000000,0.00000000000,0.00000000000,0.00000000000,0.00000000000,0.00000000000,4162524.6940,665345.9660,4770530.1970,-0.8760,5.4860,0.0000,0.000,0.000,0.000,0.85043315301,0.15850113051,0.0813,2.378
188000,4162523.8180,665351.4520,4770530.1970,-0.8760,5.4860,0.0000,0.000,0.000,0.000,0.000,0.000,0.000,0.85043315290,0.15850244843,0.0818,1.571000000,0.000000000,0.000000000,0.00000000000,0.00000000000,0.00000000000,0.00000000000,0.00000000000,0.00000000000,4162523.8180,665351.4520,4770530.1970,-0.8760,5.4860,0.0000,0.000,0.000,0.000,0.85043315290,0.15850244843,0.0818,2.378
189000,4162522.9430,665356.9380,4770530.1970,-0.8760,5.4860,0.0000,0.000,0.000,0.000,0.000,0.000,0.000,0.85043315268,0.15850376631,0.0831,1.571000000,0.000000000,0.000000000,0.00000000000,0.00000000000,0.00000000000,0.00000000000,0.00000000000,0.00000000000,4162522.9430,665356.9380,4770530.1970,-0.8760,5.4860,0.0000,0.000,0.000,0.000,0.85043315268,0.15850376631,0.0831,2.378
190000,4162522.0670,665362.4240,4770530.1970,-0.8760,5.4860,0.0000,0.000,0.000,0.000,0.000,0.000,0.000,0.85043315258,0.15850508423,0.0837,1.571000000,0.000000000,0.000000000,0.00000000000,0.00000000000,0.00000000000,0.00000000000,0.00000000000,0.00000000000,4162522.0670,665362.4240,4770530.1970,-0.8760,5.4860,0.0000,0.000,0.000,0.000,0.85043315258,0.15850508423,0.0837,2.378
191000,4162521.1920,665367.9100,4770530.1970,-0.8760,5.4860,0.0000,0.000,0.000,0.000,0.000,0.000,0.000,0.85043315235,0.15850640211,0.0849,1.571000000,0.000000000,0.000000000,0.00000000000,0.00000000000,0.00000000000,0.00000000000,0.00000000000,0.00000000000,4162521.1920,665367.9100,4770530.1970,-0.8760,5.4860,0.0000,0.000,0.000,0.000,0.85043315235,0.15850640211,0.0849,2.378
192000,4162520.3160,665373.3970,4770530.1970,-0.8760,5.4860,0.0000,0.000,0.000,0.000,0.000,0.000,0.000,0.85043315223,0.15850772026,0.0856,1.571000000,0.000000000,0.000000000,0.00000000000,0.00000000000,0.00000000000,0.00000000000,0.00000000000,0.00000000000,4162520.3160,665373.3970,4770530.1970,-0.8760,5.4860,0.0000,0.000,0.000,0.000,0.85043315223,0.15850772026,0.0856,2.379
193000,4162519.4410,665378.8830,4770530.1970,-0.8760,5.4860,0.0000,0.000,0.000,0.000,0.000,0.000,0.000,0.85043315200,0.15850903814,0.0869,1.571000000,0.000000000,0.000000000,0.00000000000,0.00000000000,0.00000000000,0.00000000000,0.00000000000,0.00000000000,4162519.4410,665378.8830,4770530.1970,-0.8760,5.4860,0.0000,0.000,0.000,0.000,0.85043315200,0.15850903814,0.0869,2.379
194000,4162518.5650,665384.3690,4770530.1970,-0.8760,5.4860,0.0000,0.000,0.000,0.000,0.000,0.000,0.000,0.85043315189,0.15851035605,0.0875,1.571000000,0.000000000,0.000000000,0.00000000000,0.00000000000,0.00000000000,0.00000000000,0.00000000000,0.00000000000,4162518.5650,665384.3690,4770530.1970,-0.8760,5.4860,0.0000,0.000,0.000,0.000,0.85043315189,0.15851035605,0.0875,2.379
195000,4162517.6900,665389.8550,4770530.1970,-0.8760,5.4860,0.0000,0.000,0.000,0.000,0.000,0.000,0.000,0.85043315166,0.15851167393,0.0888,1.571000000,0.000000000,0.000000000,0.00000000000,0.00000000000,0.00000000000,0.00000000000,0.00000000000,0.00000000000,4162517.6900,665389.8550,4770530.1970,-0.8760,5.4860,0.0000,0.000,0.000,0.000,0.85043315166,0.15851167393,0.0888,2.379
196000,4162516.8140,665395.3410,4770530.1970,-0.8760,5.4860,0.0000,0.000,0.000,0.000,0.000,0.000,0.000,0.85043315155,0.15851299185,0.0894,1.571000000,0.000000000,0.000000000,0.00000000000,0.00000000000,0.00000000000,0.00000000000,0.00000000000,0.00000000000,4162516.8140,665395.3410,4770530.1970,-0.8760,5.4860,0.0000,0.000,0.000,0.000,0.85043315155,0.15851299185,0.0894,2.379
197000,4162515.9380,665400.8270,4770530.1970,-0.8760,5.4860,0.0000,0.000,0.000,0.000,0.000,0.000,0.000,0.85043315144,0.15851430977,0.0900,1.571000000,0.000000000,0.000000000,0.00000000000,0.00000000000,0.00000000000,0.00000000000,0.00000000000,0.00000000000,4162515.9380,665400.8270,4770530.1970,-0.8760,5.4860,0.0000,0.000,0.000,0.000,0.85043315144,0.15851430977,0.0900,2.379
198000,4162515.0630,665406.3130,4770530.1970,-0.8760,5.4860,0.0000,0.000,0.000,0.000,0.000,0.000,0.000,0.85043315121,0.15851562764,0.0913,1.571000000,0.000000000,0.000000000,0.00000000000,0.00000000000,0.00000000000,0.00000000000,0.00000000000,0.00000000000,4162515.0630,665406.3130,4770530.1970,-0.8760,5.4860,0.0000,0.000,0.000,0.000,0.85043315121,0.15851562764,0.0913,2.379
199000,4162514.1870,665411.7990,4770530.1970,-0.8760,5.4860,0.0000,0.000,0.000,0.000,0.000,0.000,0.000,0.85043315110,0.15851694556,0.0920,1.571000000,0.000000000,0.000000000,0.00000000000,0.00000000000,0.00000000000,0.00000000000,0.00000000000,0.00000000000,4162514.1870,665411.7990,4770530.1970,-0.8760,5.4860,0.0000,0.000,0.000,0.000,0.85043315110,0.15851694556,0.0920,2.379
200000,4162513.3114,665417.2856,4770530.1970,-0.8760,5.4860,0.0000,0.000,0.000,0.000,0.000,0.000,0.000,0.85043315093,0.15851826360,0.0929,1.571000099,0.000000087,0.000000000,0.00000000000,0.00000000000,0.00000000000,0.00000000000,0.00000000000,0.00000000000,4162513.3114,665417.2856,4770530.1970,-0.8760,5.4860,0.0000,0.000,0.000,0.000,0.85043315093,0.15851826360,0.0929,2.379
